stream,filename,size_bytes,closed_name
CH01,CH01_2026-06-25_16-04-45.mp4,3480848330,NO
CH01,CH01_2026-06-25_17-00-26.mp4,225792347,NO
CH01,CH01_2026-06-27_00-00-00_to_01-00-01.mp4,4104543289,yes
CH01,CH01_2026-06-27_01-00-01_to_02-00-01.mp4,4107678738,yes
CH01,CH01_2026-06-27_02-00-01_to_03-00-00.mp4,4132252487,yes
CH01,CH01_2026-06-27_03-00-00_to_04-00-00.mp4,4134022819,yes
CH01,CH01_2026-06-27_04-00-00_to_05-00-00.mp4,4282459190,yes
CH01,CH01_2026-06-27_05-00-00_to_06-00-01.mp4,4097027625,yes
CH01,CH01_2026-06-27_06-00-01_to_07-00-01.mp4,3606092751,yes
CH01,CH01_2026-06-27_07-00-01_to_08-00-00.mp4,3518023667,yes
CH01,CH01_2026-06-27_08-00-00_to_09-00-00.mp4,3432810901,yes
CH01,CH01_2026-06-27_09-00-00_to_10-00-01.mp4,3464704624,yes
CH01,CH01_2026-06-27_10-00-01_to_11-00-01.mp4,3621153662,yes
CH01,CH01_2026-06-27_11-00-01_to_12-00-03.mp4,3774184362,yes
CH01,CH01_2026-06-27_12-00-03_to_13-00-00.mp4,3870329281,yes
CH01,CH01_2026-06-27_13-00-00_to_14-00-00.mp4,3841825656,yes
CH01,CH01_2026-06-27_14-00-00_to_15-00-01.mp4,3839482663,yes
CH01,CH01_2026-06-27_15-00-01_to_16-00-01.mp4,4000315142,yes
CH01,CH01_2026-06-27_16-00-01_to_17-00-00.mp4,4042461219,yes
CH01,CH01_2026-06-27_17-00-00_to_18-00-00.mp4,3945669336,yes
CH01,CH01_2026-06-27_18-00-00_to_19-00-00.mp4,3862249741,yes
CH01,CH01_2026-06-27_19-00-00_to_20-00-01.mp4,3688608405,yes
CH01,CH01_2026-06-27_20-00-01_to_21-00-02.mp4,3580108616,yes
CH01,CH01_2026-06-27_21-00-02_to_22-00-01.mp4,4528391620,yes
CH01,CH01_2026-06-27_22-00-01_to_23-00-00.mp4,4235455943,yes
CH01,CH01_2026-06-27_23-00-00_to_00-00-01.mp4,4263943616,yes
CH01,CH01_2026-06-28_00-00-01_to_01-00-01.mp4,4294148125,yes
CH01,CH01_2026-06-28_01-00-01.mp4,1103253771,NO
CH01,CH01_2026-06-28_01-16-16.mp4,40817463,NO
CH01,CH01_2026-06-28_01-18-20_to_02-00-00.mp4,2997381789,yes
CH01,CH01_2026-06-28_02-00-00_to_03-00-11.mp4,4247771999,yes
CH01,CH01_2026-06-28_03-00-11_to_03-05-00.mp4,1286249,yes
CH01,CH01_2026-06-28_03-05-00_to_04-00-00.mp4,3878169897,yes
CH01,CH01_2026-06-28_04-00-00_to_05-00-00.mp4,4339434214,yes
CH01,CH01_2026-06-28_05-00-00_to_06-00-05.mp4,4096149320,yes
CH01,CH01_2026-06-28_06-00-05_to_07-00-09.mp4,3661095551,yes
CH01,CH01_2026-06-28_07-00-09_to_08-00-00.mp4,3618342870,yes
CH01,CH01_2026-06-28_08-00-00_to_09-00-00.mp4,3354705613,yes
CH01,CH01_2026-06-28_09-00-00_to_10-00-01.mp4,3435646960,yes
CH01,CH01_2026-06-28_10-00-01_to_11-00-00.mp4,3789818753,yes
CH01,CH01_2026-06-28_11-00-00_to_12-00-00.mp4,4118366697,yes
CH01,CH01_2026-06-28_12-00-00_to_13-00-01.mp4,3897401777,yes
CH01,CH01_2026-06-28_13-00-01_to_14-00-01.mp4,4370701750,yes
CH01,CH01_2026-06-28_14-00-01_to_15-00-01.mp4,3624277054,yes
CH01,CH01_2026-06-28_15-00-01_to_16-00-00.mp4,4286569430,yes
CH01,CH01_2026-06-28_16-00-00_to_17-00-01.mp4,4196732966,yes
CH01,CH01_2026-06-28_17-00-01_to_18-00-01.mp4,4599669986,yes
CH01,CH01_2026-06-28_18-00-01_to_19-00-01.mp4,3984762283,yes
CH01,CH01_2026-06-28_19-00-01_to_20-00-00.mp4,3880286527,yes
CH01,CH01_2026-06-28_20-00-00_to_21-00-01.mp4,3744006564,yes
CH01,CH01_2026-06-28_21-00-01_to_22-00-00.mp4,4519977956,yes
CH01,CH01_2026-06-28_22-00-00_to_23-00-01.mp4,4113688497,yes
CH01,CH01_2026-06-28_23-00-01_to_00-00-01.mp4,4121339689,yes
CH01,CH01_2026-06-29_00-00-01_to_01-00-00.mp4,4188432952,yes
CH01,CH01_2026-06-29_01-00-00_to_02-00-00.mp4,4292648875,yes
CH01,CH01_2026-06-29_02-00-00_to_03-00-00.mp4,4253564975,yes
CH01,CH01_2026-06-29_03-00-00_to_04-00-01.mp4,4220565457,yes
CH01,CH01_2026-06-29_04-00-01_to_05-00-01.mp4,4339584406,yes
CH01,CH01_2026-06-29_05-00-01_to_06-00-01.mp4,4016980309,yes
CH01,CH01_2026-06-29_06-00-01_to_07-00-01.mp4,3675957681,yes
CH01,CH01_2026-06-29_07-00-01_to_08-00-01.mp4,3628103690,yes
CH01,CH01_2026-06-29_08-00-01_to_09-00-01.mp4,3434622594,yes
CH01,CH01_2026-06-29_09-00-01_to_10-00-05.mp4,3365475391,yes
CH01,CH01_2026-06-29_10-00-05_to_11-00-04.mp4,3609600037,yes
CH01,CH01_2026-06-29_11-00-04_to_11-49-38.mp4,2840069772,yes
CH01,CH01_2026-06-29_11-49-38_to_12-00-00.mp4,605890177,yes
CH01,CH01_2026-06-29_12-00-00_to_13-00-01.mp4,3840043720,yes
CH01,CH01_2026-06-29_13-00-01_to_13-17-16.mp4,1101302113,yes
CH01,CH01_2026-06-29_13-17-16_to_14-00-00.mp4,2551830084,yes
CH01,CH01_2026-06-29_14-00-00_to_15-00-04.mp4,3597823935,yes
CH01,CH01_2026-06-29_14-20-52_to_14-41-18.mp4,1613714775,yes
CH01,CH01_2026-06-29_14-41-18_to_14-59-59.mp4,1477447837,yes
CH01,CH01_2026-06-29_14-59-58_to_15-20-24.mp4,1614410287,yes
CH01,CH01_2026-06-29_15-00-04.mp4,36438044,NO
CH01,CH01_2026-06-29_15-20-24_to_15-35-20.mp4,1180591290,yes
CH01,CH01_2026-06-29_15-35-20_to_15-55-46.mp4,1614536286,yes
CH01,CH01_2026-06-29_15-55-46_to_15-59-59.mp4,336478322,yes
CH01,CH01_2026-06-29_15-59-58_to_16-18-44.mp4,1485347285,yes
CH01,CH01_2026-06-29_17-46-20_to_18-00-01.mp4,911638865,yes
CH01,CH01_2026-06-29_18-00-01_to_19-00-13.mp4,3569174701,yes
CH01,CH01_2026-06-29_19-00-13_to_20-00-00.mp4,3765714987,yes
CH01,CH01_2026-06-29_20-00-00_to_21-00-01.mp4,3627309383,yes
CH01,CH01_2026-06-29_21-00-01_to_22-00-00.mp4,4460042838,yes
CH01,CH01_2026-06-29_22-00-00_to_23-00-01.mp4,4323741556,yes
CH01,CH01_2026-06-29_23-00-01_to_00-00-01.mp4,4357552640,yes
CH01,CH01_2026-06-30_00-00-01_to_01-00-01.mp4,4304858863,yes
CH01,CH01_2026-06-30_01-00-01_to_02-00-01.mp4,4297951086,yes
CH01,CH01_2026-06-30_02-00-01_to_03-00-01.mp4,4288119355,yes
CH01,CH01_2026-06-30_03-00-01_to_04-00-01.mp4,4226306273,yes
CH01,CH01_2026-06-30_04-00-01_to_05-00-00.mp4,4271330290,yes
CH01,CH01_2026-06-30_05-00-00_to_06-00-01.mp4,4162467140,yes
CH01,CH01_2026-06-30_06-00-01_to_07-00-00.mp4,3690852276,yes
CH01,CH01_2026-06-30_07-00-00_to_08-00-05.mp4,3850970601,yes
CH01,CH01_2026-06-30_08-00-05_to_09-00-01.mp4,3718003848,yes
CH01,CH01_2026-06-30_09-00-01_to_09-27-34.mp4,1400111412,yes
CH01,CH01_2026-06-30_09-27-34_to_09-37-00.mp4,172490780,yes
CH01,CH01_2026-06-30_09-37-00_to_09-47-10.mp4,364904490,yes
CH01,CH01_2026-06-30_09-47-10_to_10-00-01.mp4,767425152,yes
CH01,CH01_2026-06-30_10-00-01_to_11-00-00.mp4,3668132613,yes
CH01,CH01_2026-06-30_11-00-00_to_12-00-00.mp4,4239671229,yes
CH01,CH01_2026-06-30_12-00-00_to_13-00-01.mp4,4560492614,yes
CH01,CH01_2026-06-30_13-00-01_to_14-00-00.mp4,4817669168,yes
CH01,CH01_2026-06-30_14-00-00_to_15-00-01.mp4,4229163903,yes
CH01,CH01_2026-06-30_15-00-01_to_16-00-01.mp4,4182259431,yes
CH01,CH01_2026-06-30_16-00-01_to_17-00-02.mp4,4217605069,yes
CH01,CH01_2026-06-30_17-00-02_to_18-00-01.mp4,4288389584,yes
CH01,CH01_2026-06-30_18-00-01_to_19-00-01.mp4,3664408136,yes
CH01,CH01_2026-06-30_19-00-01_to_20-00-01.mp4,3601905580,yes
CH01,CH01_2026-06-30_20-00-01_to_21-00-00.mp4,3735939986,yes
CH01,CH01_2026-06-30_21-00-00_to_22-00-01.mp4,4634437833,yes
CH01,CH01_2026-06-30_22-00-01_to_23-00-00.mp4,4585826518,yes
CH01,CH01_2026-06-30_23-00-00_to_00-00-00.mp4,4384521470,yes
CH01,CH01_2026-07-01_00-00-00_to_01-00-01.mp4,4259954802,yes
CH01,CH01_2026-07-01_01-00-01_to_02-00-01.mp4,4329832886,yes
CH01,CH01_2026-07-01_02-00-01_to_03-00-01.mp4,4186038622,yes
CH01,CH01_2026-07-01_03-00-01_to_04-00-00.mp4,4365870931,yes
CH01,CH01_2026-07-01_04-00-00_to_05-00-00.mp4,4276578387,yes
CH01,CH01_2026-07-01_05-00-00_to_06-00-01.mp4,4186923249,yes
CH01,CH01_2026-07-01_06-00-01_to_07-00-01.mp4,3549160008,yes
CH01,CH01_2026-07-01_07-00-01_to_08-00-00.mp4,3580587375,yes
CH01,CH01_2026-07-01_08-00-00_to_09-00-00.mp4,3521574883,yes
CH01,CH01_2026-07-01_09-00-00_to_10-00-00.mp4,3453493063,yes
CH01,CH01_2026-07-01_10-00-00_to_10-06-43.mp4,58982428,yes
CH01,CH01_2026-07-01_10-06-43_to_10-35-59.mp4,1331167955,yes
CH01,CH01_2026-07-01_10-35-59_to_11-02-57.mp4,1394869071,yes
CH01,CH01_2026-07-01_11-02-57_to_12-00-01.mp4,3710487658,yes
CH01,CH01_2026-07-01_12-00-01_to_13-00-01.mp4,3960903626,yes
CH01,CH01_2026-07-01_13-00-01_to_14-00-01.mp4,3823469409,yes
CH01,CH01_2026-07-01_14-00-01_to_15-00-00.mp4,3783197661,yes
CH01,CH01_2026-07-01_15-00-00_to_16-00-00.mp4,3741834265,yes
CH01,CH01_2026-07-01_16-00-00_to_17-00-01.mp4,3741116356,yes
CH01,CH01_2026-07-01_17-00-01_to_18-00-01.mp4,4206292279,yes
CH01,CH01_2026-07-01_18-00-01_to_19-00-01.mp4,3601840677,yes
CH01,CH01_2026-07-01_19-00-01_to_20-00-00.mp4,4116508147,yes
CH01,CH01_2026-07-01_20-00-00_to_21-00-00.mp4,3842420591,yes
CH01,CH01_2026-07-01_21-00-00_to_22-00-00.mp4,4627728841,yes
CH01,CH01_2026-07-01_22-00-00_to_23-00-01.mp4,4404607580,yes
CH01,CH01_2026-07-01_23-00-01_to_00-00-01.mp4,4400524561,yes
CH01,CH01_2026-07-02_00-00-01_to_01-00-00.mp4,4566378844,yes
CH01,CH01_2026-07-02_01-00-00_to_02-00-00.mp4,4671275225,yes
CH01,CH01_2026-07-02_02-00-00_to_03-00-00.mp4,4645854181,yes
CH01,CH01_2026-07-02_03-00-00_to_04-00-01.mp4,4678686654,yes
CH01,CH01_2026-07-02_04-00-01_to_05-00-01.mp4,4640361309,yes
CH01,CH01_2026-07-02_05-00-01_to_06-00-00.mp4,4085177277,yes
CH01,CH01_2026-07-02_06-00-00_to_07-00-00.mp4,3652083507,yes
CH01,CH01_2026-07-02_07-00-00_to_08-00-02.mp4,3655965834,yes
CH01,CH01_2026-07-02_08-00-02_to_08-21-09.mp4,926679268,yes
CH01,CH01_2026-07-02_08-21-09_to_08-28-15.mp4,114032668,yes
CH01,CH01_2026-07-02_08-28-15_to_08-35-57.mp4,11272220,yes
CH01,CH01_2026-07-02_08-35-57_to_08-41-47.mp4,14417948,yes
CH01,CH01_2026-07-02_08-41-47_to_08-47-07.mp4,9699356,yes
CH01,CH01_2026-07-02_08-47-07_to_08-56-32.mp4,227016732,yes
CH01,CH01_2026-07-02_08-56-32_to_09-03-23.mp4,13631516,yes
CH01,CH01_2026-07-02_09-03-23_to_09-12-51.mp4,254804563,yes
CH01,CH01_2026-07-02_09-12-51_to_09-19-57.mp4,89391706,yes
CH01,CH01_2026-07-02_09-19-57_to_09-26-32.mp4,82051100,yes
CH01,CH01_2026-07-02_09-26-32_to_10-00-00.mp4,1915425114,yes
CH01,CH01_2026-07-02_10-00-00_to_10-08-36.mp4,195821816,yes
CH01,CH01_2026-07-02_10-08-36_to_10-15-15.mp4,89128988,yes
CH01,CH01_2026-07-02_10-15-15_to_10-41-27.mp4,1345585382,yes
CH01,CH01_2026-07-02_10-41-27_to_11-00-01.mp4,1141434695,yes
CH01,CH01_2026-07-02_11-00-01_to_11-06-28.mp4,67371036,yes
CH01,CH01_2026-07-02_11-06-28_to_11-54-16.mp4,2760378477,yes
CH01,CH01_2026-07-02_11-54-16_to_12-00-01.mp4,376374879,yes
CH01,CH01_2026-07-02_12-00-01_to_13-00-00.mp4,4429738862,yes
CH01,CH01_2026-07-02_13-00-00_to_14-00-01.mp4,4470515279,yes
CH01,CH01_2026-07-02_14-00-01_to_15-00-01.mp4,4382685045,yes
CH01,CH01_2026-07-02_15-00-01_to_15-58-05.mp4,3666871941,yes
CH01,CH01_2026-07-02_15-58-05_to_16-00-00.mp4,142886410,yes
CH01,CH01_2026-07-02_16-00-00_to_17-00-00.mp4,4289364126,yes
CH01,CH01_2026-07-02_17-00-00_to_18-00-01.mp4,4583640361,yes
CH01,CH01_2026-07-02_18-00-01_to_19-00-01.mp4,4519679175,yes
CH01,CH01_2026-07-02_19-00-01_to_20-00-00.mp4,4665925140,yes
CH01,CH01_2026-07-02_20-00-00_to_21-00-01.mp4,4082134829,yes
CH01,CH01_2026-07-02_21-00-01_to_22-00-01.mp4,4541733623,yes
CH01,CH01_2026-07-02_22-00-01_to_23-00-02.mp4,4369031438,yes
CH01,CH01_2026-07-02_23-00-02_to_00-02-27.mp4,4149488934,yes
CH01,CH01_2026-07-03_00-02-27_to_00-07-36.mp4,37216580,yes
CH01,CH01_2026-07-03_00-07-36_to_00-12-31.mp4,6644863,yes
CH01,CH01_2026-07-03_00-12-31_to_01-00-01.mp4,3322380638,yes
CH01,CH01_2026-07-03_01-00-01_to_02-00-01.mp4,4217608913,yes
CH01,CH01_2026-07-03_02-00-01_to_03-00-00.mp4,4223799135,yes
CH01,CH01_2026-07-03_03-00-00_to_04-00-00.mp4,4330199478,yes
CH01,CH01_2026-07-03_04-00-00_to_05-00-00.mp4,4379956027,yes
CH01,CH01_2026-07-03_05-00-00_to_06-00-01.mp4,4162841169,yes
CH01,CH01_2026-07-03_06-00-01_to_07-00-01.mp4,3740666512,yes
CH01,CH01_2026-07-03_07-00-01_to_08-00-07.mp4,3490521773,yes
CH01,CH01_2026-07-03_08-00-07_to_09-00-00.mp4,3425069045,yes
CH01,CH01_2026-07-03_09-00-00_to_10-00-02.mp4,3490566518,yes
CH01,CH01_2026-07-03_10-00-02_to_11-00-01.mp4,3735294101,yes
CH01,CH01_2026-07-03_11-00-01_to_12-00-01.mp4,3921988605,yes
CH01,CH01_2026-07-03_12-00-01_to_13-00-01.mp4,4226456968,yes
CH01,CH01_2026-07-03_13-00-01_to_14-16-43.mp4,3818213215,yes
CH01,CH01_2026-07-03_14-16-43_to_14-35-10.mp4,15759518,yes
CH01,CH01_2026-07-03_14-35-10_to_15-00-05.mp4,1634541477,yes
CH01,CH01_2026-07-03_15-00-05_to_16-00-01.mp4,3931961146,yes
CH01,CH01_2026-07-03_16-00-01_to_17-00-01.mp4,3744471902,yes
CH01,CH01_2026-07-03_17-00-01_to_18-00-04.mp4,3595887287,yes
CH01,CH01_2026-07-03_18-00-04_to_19-00-00.mp4,3720806136,yes
CH01,CH01_2026-07-03_19-00-00_to_20-00-01.mp4,3846562113,yes
CH01,CH01_2026-07-03_20-00-01_to_21-00-01.mp4,3624646614,yes
CH01,CH01_2026-07-03_21-00-01_to_22-00-00.mp4,4497996165,yes
CH01,CH01_2026-07-03_22-00-00_to_23-00-00.mp4,4374309139,yes
CH01,CH01_2026-07-03_23-00-00_to_00-00-01.mp4,4386833701,yes
CH01,CH01_2026-07-04_00-00-01_to_01-00-00.mp4,4455534485,yes
CH01,CH01_2026-07-04_01-00-00_to_02-00-00.mp4,4511660294,yes
CH01,CH01_2026-07-04_02-00-00_to_03-00-01.mp4,4533187208,yes
CH01,CH01_2026-07-04_03-00-01_to_04-00-01.mp4,4535449501,yes
CH01,CH01_2026-07-04_04-00-01_to_05-00-01.mp4,4591046256,yes
CH01,CH01_2026-07-04_05-00-01_to_06-00-00.mp4,4180278016,yes
CH01,CH01_2026-07-04_06-00-00_to_07-00-01.mp4,3745058668,yes
CH01,CH01_2026-07-04_07-00-01_to_08-00-01.mp4,3666501943,yes
CH01,CH01_2026-07-04_08-00-01_to_09-00-01.mp4,3520597575,yes
CH01,CH01_2026-07-04_09-00-01_to_10-00-00.mp4,3883973098,yes
CH01,CH01_2026-07-04_10-00-00_to_11-00-01.mp4,4480260729,yes
CH01,CH01_2026-07-04_11-00-01_to_12-00-01.mp4,4375616318,yes
CH01,CH01_2026-07-04_12-00-01_to_13-00-01.mp4,4041068370,yes
CH01,CH01_2026-07-04_13-00-01_to_14-00-02.mp4,3923529070,yes
CH01,CH01_2026-07-04_14-00-02_to_15-00-00.mp4,3572384024,yes
CH01,CH01_2026-07-04_15-00-00_to_16-00-00.mp4,3671443584,yes
CH01,CH01_2026-07-04_16-00-00_to_17-00-01.mp4,4398402289,yes
CH01,CH01_2026-07-04_17-00-01_to_18-00-01.mp4,4752076103,yes
CH01,CH01_2026-07-04_18-00-01_to_19-00-00.mp4,3876064418,yes
CH01,CH01_2026-07-04_19-00-00_to_20-00-06.mp4,3807392772,yes
CH01,CH01_2026-07-04_20-00-06_to_21-00-00.mp4,3634013931,yes
CH01,CH01_2026-07-04_21-00-00_to_22-00-01.mp4,4545237444,yes
CH01,CH01_2026-07-04_22-00-01_to_23-00-01.mp4,4284297212,yes
CH01,CH01_2026-07-04_23-00-01_to_00-00-00.mp4,4267002813,yes
CH01,CH01_2026-07-05_00-00-00_to_01-00-00.mp4,4281951537,yes
CH01,CH01_2026-07-05_01-00-00_to_02-00-00.mp4,4329523795,yes
CH01,CH01_2026-07-05_02-00-00_to_03-00-01.mp4,4314530679,yes
CH01,CH01_2026-07-05_03-00-01_to_04-00-01.mp4,4292770575,yes
CH01,CH01_2026-07-05_04-00-01_to_05-00-00.mp4,4405482537,yes
CH01,CH01_2026-07-05_05-00-00_to_06-00-00.mp4,4193882316,yes
CH01,CH01_2026-07-05_06-00-00_to_07-00-01.mp4,3601150583,yes
CH01,CH01_2026-07-05_07-00-01_to_08-00-01.mp4,3582516405,yes
CH01,CH01_2026-07-05_08-00-01_to_09-00-00.mp4,3409400984,yes
CH01,CH01_2026-07-05_09-00-00_to_10-00-01.mp4,3553153959,yes
CH01,CH01_2026-07-05_10-00-01_to_11-00-01.mp4,3626735050,yes
CH01,CH01_2026-07-05_11-00-01_to_11-50-08.mp4,2489581724,yes
CH01,CH01_2026-07-05_11-50-08_to_12-03-20.mp4,465305628,yes
CH01,CH01_2026-07-05_12-03-20_to_12-16-56.mp4,243007516,yes
CH01,CH01_2026-07-05_12-16-56_to_12-31-28.mp4,532152535,yes
CH01,CH01_2026-07-05_12-31-28_to_13-00-00.mp4,1676439965,yes
CH01,CH01_2026-07-05_13-00-00_to_14-00-01.mp4,3751800961,yes
CH01,CH01_2026-07-05_14-00-01_to_14-05-03.mp4,2025550,yes
CH01,CH01_2026-07-05_14-05-03_to_14-30-43.mp4,1050673526,yes
CH01,CH01_2026-07-05_14-30-43_to_14-56-53.mp4,1216610837,yes
CH01,CH01_2026-07-05_14-56-53_to_15-02-47.mp4,69730332,yes
CH01,CH01_2026-07-05_15-02-47_to_15-10-59.mp4,174850076,yes
CH01,CH01_2026-07-05_15-10-59_to_15-35-27.mp4,1303379996,yes
CH01,CH01_2026-07-05_15-35-27_to_16-00-01.mp4,1747463959,yes
CH01,CH01_2026-07-05_16-00-01_to_17-00-01.mp4,3341209873,yes
CH01,CH01_2026-07-05_17-00-01_to_18-00-00.mp4,3638147135,yes
CH01,CH01_2026-07-05_18-00-00_to_19-00-00.mp4,3880179263,yes
CH01,CH01_2026-07-05_19-00-00_to_20-00-01.mp4,3666945200,yes
CH01,CH01_2026-07-05_20-00-01_to_21-00-01.mp4,4110745678,yes
CH01,CH01_2026-07-05_21-00-01_to_22-00-01.mp4,4658201749,yes
CH01,CH01_2026-07-05_22-00-01_to_23-00-00.mp4,4590916989,yes
CH01,CH01_2026-07-05_23-00-00_to_00-00-00.mp4,4608167213,yes
CH01,CH01_2026-07-06_00-00-00_to_01-00-01.mp4,4580464417,yes
CH01,CH01_2026-07-06_01-00-01_to_02-00-01.mp4,4633056326,yes
CH01,CH01_2026-07-06_02-00-01_to_03-00-01.mp4,4674664151,yes
CH01,CH01_2026-07-06_03-00-01_to_04-00-01.mp4,4562549676,yes
CH01,CH01_2026-07-06_04-00-01_to_05-00-00.mp4,4569801737,yes
CH01,CH01_2026-07-06_05-00-00_to_06-00-00.mp4,4395759328,yes
CH01,CH01_2026-07-06_06-00-00_to_07-00-01.mp4,3547219627,yes
CH01,CH01_2026-07-06_07-00-01_to_08-00-01.mp4,3858971619,yes
CH01,CH01_2026-07-06_08-00-01_to_09-00-01.mp4,3782182049,yes
CH01,CH01_2026-07-06_09-00-01_to_10-00-00.mp4,3948676755,yes
CH01,CH01_2026-07-06_10-00-00_to_11-00-00.mp4,4146231630,yes
CH01,CH01_2026-07-06_11-00-00_to_12-00-01.mp4,4338788877,yes
CH01,CH01_2026-07-06_12-00-01_to_13-00-01.mp4,4186015725,yes
CH01,CH01_2026-07-06_13-00-01_to_14-00-00.mp4,3886017997,yes
CH01,CH01_2026-07-06_14-00-00_to_15-00-00.mp4,3716249165,yes
CH01,CH01_2026-07-06_15-00-00_to_16-00-01.mp4,3654335484,yes
CH01,CH01_2026-07-06_16-00-01_to_17-00-03.mp4,3960496131,yes
CH01,CH01_2026-07-06_17-00-03_to_18-00-00.mp4,4069065998,yes
CH01,CH01_2026-07-06_18-00-00_to_19-00-00.mp4,4165816844,yes
CH01,CH01_2026-07-06_19-00-00_to_20-00-00.mp4,3622378621,yes
CH01,CH01_2026-07-06_20-00-00_to_21-00-01.mp4,4000719918,yes
CH01,CH01_2026-07-06_21-00-01_to_22-00-01.mp4,4691028615,yes
CH01,CH01_2026-07-06_22-00-01_to_23-00-00.mp4,4584004128,yes
CH01,CH01_2026-07-06_23-00-00_to_00-00-00.mp4,4491888898,yes
CH01,CH01_2026-07-07_00-00-00_to_01-00-00.mp4,4441725556,yes
CH01,CH01_2026-07-07_01-00-00_to_02-00-01.mp4,4439517069,yes
CH01,CH01_2026-07-07_02-00-01_to_03-00-02.mp4,4450163558,yes
CH01,CH01_2026-07-07_03-00-02_to_04-00-00.mp4,4495607648,yes
CH01,CH01_2026-07-07_04-00-00_to_05-00-00.mp4,4486497814,yes
CH01,CH01_2026-07-07_05-00-00_to_06-00-01.mp4,4290692804,yes
CH01,CH01_2026-07-07_06-00-01_to_07-00-00.mp4,3637864680,yes
CH01,CH01_2026-07-07_07-00-00_to_08-00-01.mp4,3674113021,yes
CH01,CH01_2026-07-07_08-00-01_to_09-00-01.mp4,3462807945,yes
CH01,CH01_2026-07-07_09-00-01_to_10-00-00.mp4,3618390398,yes
CH01,CH01_2026-07-07_10-00-00_to_11-00-01.mp4,3457359496,yes
CH01,CH01_2026-07-07_11-00-01_to_12-00-03.mp4,3511356899,yes
CH01,CH01_2026-07-07_12-00-03_to_13-00-00.mp4,3702344139,yes
CH01,CH01_2026-07-07_13-00-00_to_14-00-01.mp4,4037024071,yes
CH01,CH01_2026-07-07_14-00-01_to_15-00-00.mp4,4546661486,yes
CH01,CH01_2026-07-07_15-00-00_to_16-00-02.mp4,4072540707,yes
CH01,CH01_2026-07-07_16-00-02_to_17-00-00.mp4,3676651637,yes
CH01,CH01_2026-07-07_17-00-00_to_18-00-01.mp4,3622244879,yes
CH01,CH01_2026-07-07_18-00-01_to_19-00-01.mp4,4119400893,yes
CH01,CH01_2026-07-07_19-00-01_to_20-00-04.mp4,3999812214,yes
CH01,CH01_2026-07-07_20-00-04_to_21-00-00.mp4,3693884213,yes
CH01,CH01_2026-07-07_21-00-00_to_22-00-00.mp4,4562066808,yes
CH01,CH01_2026-07-07_22-00-00_to_23-00-01.mp4,4274931570,yes
CH01,CH01_2026-07-07_23-00-01_to_00-00-02.mp4,4434139590,yes
CH01,CH01_2026-07-08_00-00-02_to_01-00-00.mp4,4415038009,yes
CH01,CH01_2026-07-08_01-00-00_to_02-00-00.mp4,4427604408,yes
CH01,CH01_2026-07-08_02-00-00_to_03-00-00.mp4,4422221748,yes
CH01,CH01_2026-07-08_03-00-00_to_04-00-01.mp4,4449223484,yes
CH01,CH01_2026-07-08_04-00-01_to_05-00-01.mp4,4509870413,yes
CH01,CH01_2026-07-08_05-00-01_to_06-00-00.mp4,4128411481,yes
CH01,CH01_2026-07-08_06-00-00_to_07-00-00.mp4,3693388429,yes
CH01,CH01_2026-07-08_07-00-00_to_08-00-00.mp4,3666862927,yes
CH01,CH01_2026-07-08_08-00-00_to_09-00-01.mp4,3614180752,yes
CH01,CH01_2026-07-08_09-00-01_to_10-00-01.mp4,3641316372,yes
CH01,CH01_2026-07-08_10-00-01_to_11-00-05.mp4,4001509542,yes
CH01,CH01_2026-07-08_11-00-05_to_12-00-01.mp4,3995599535,yes
CH01,CH01_2026-07-08_12-00-01_to_13-00-01.mp4,4165632670,yes
CH01,CH01_2026-07-08_13-00-01_to_14-00-04.mp4,4201742640,yes
CH01,CH01_2026-07-08_14-00-04_to_15-00-00.mp4,4104597028,yes
CH01,CH01_2026-07-08_15-00-00_to_16-00-01.mp4,4141625964,yes
CH01,CH01_2026-07-08_16-00-01_to_17-00-01.mp4,4014110430,yes
CH01,CH01_2026-07-08_17-00-01_to_18-00-01.mp4,3926046149,yes
CH01,CH01_2026-07-08_18-00-01_to_19-00-00.mp4,3824874323,yes
CH01,CH01_2026-07-08_19-00-00_to_20-00-00.mp4,3649871187,yes
CH01,CH01_2026-07-08_20-00-00_to_21-00-01.mp4,3656363257,yes
CH01,CH01_2026-07-08_21-00-01_to_22-00-01.mp4,4540893839,yes
CH01,CH01_2026-07-08_22-00-01_to_23-00-01.mp4,4330784161,yes
CH01,CH01_2026-07-08_23-00-01_to_00-00-00.mp4,4334486696,yes
CH01,CH01_2026-07-09_00-00-00_to_01-00-00.mp4,4350682074,yes
CH01,CH01_2026-07-09_01-00-00_to_02-00-01.mp4,4335598881,yes
CH01,CH01_2026-07-09_02-00-01_to_03-00-00.mp4,4331767019,yes
CH01,CH01_2026-07-09_03-00-00_to_04-00-00.mp4,4303235087,yes
CH01,CH01_2026-07-09_04-00-00_to_05-00-01.mp4,4412977154,yes
CH01,CH01_2026-07-09_05-00-01_to_06-00-03.mp4,4160255853,yes
CH01,CH01_2026-07-09_06-00-03_to_07-00-00.mp4,3557095347,yes
CH01,CH01_2026-07-09_07-00-00_to_08-00-00.mp4,3685270621,yes
CH01,CH01_2026-07-09_08-00-00_to_09-00-01.mp4,3719838143,yes
CH01,CH01_2026-07-09_09-00-01_to_10-01-26.mp4,3408397023,yes
CH01,CH01_2026-07-09_10-01-26_to_10-20-05.mp4,777781754,yes
CH01,CH01_2026-07-09_10-20-05_to_10-25-09.mp4,7077916,yes
CH01,CH01_2026-07-09_10-25-09_to_10-54-29.mp4,1460666396,yes
CH01,CH01_2026-07-09_10-54-29_to_11-00-00.mp4,336863465,yes
CH01,CH01_2026-07-09_11-00-00_to_11-12-55.mp4,531890204,yes
CH01,CH01_2026-07-09_11-12-55_to_11-31-37.mp4,987234464,yes
CH01,CH01_2026-07-09_11-31-37_to_12-00-01.mp4,1867291088,yes
CH01,CH01_2026-07-09_12-00-01_to_12-42-48.mp4,2831681151,yes
CH01,CH01_2026-07-09_12-42-48_to_12-50-08.mp4,209190940,yes
CH01,CH01_2026-07-09_12-50-08_to_13-00-01.mp4,609331317,yes
CH01,CH01_2026-07-09_13-00-01_to_14-00-28.mp4,4006872730,yes
CH01,CH01_2026-07-09_14-00-28_to_14-11-20.mp4,372245196,yes
CH01,CH01_2026-07-09_14-11-20_to_15-00-00.mp4,3378699075,yes
CH01,CH01_2026-07-09_15-00-00_to_16-03-00.mp4,3922988248,yes
CH01,CH01_2026-07-09_16-03-00_to_17-00-03.mp4,3982594017,yes
CH01,CH01_2026-07-09_17-00-03_to_18-00-00.mp4,4230465653,yes
CH01,CH01_2026-07-09_18-00-00_to_18-32-03.mp4,1621624237,yes
CH01,CH01_2026-07-09_18-32-03_to_18-38-59.mp4,40632532,yes
CH01,CH01_2026-07-09_18-38-59_to_18-55-39.mp4,635699883,yes
CH01,CH01_2026-07-09_18-55-39_to_19-00-00.mp4,315273145,yes
CH01,CH01_2026-07-09_19-00-00_to_20-00-01.mp4,3925876052,yes
CH01,CH01_2026-07-09_20-00-01_to_21-00-01.mp4,4641562265,yes
CH01,CH01_2026-07-09_21-00-01_to_22-00-00.mp4,4538732016,yes
CH01,CH01_2026-07-09_22-00-00_to_23-00-01.mp4,2990592591,yes
CH01,CH01_2026-07-09_23-00-01_to_00-00-00.mp4,1944684451,yes
CH01,CH01_2026-07-10_00-00-00_to_01-00-00.mp4,1962207412,yes
CH01,CH01_2026-07-10_01-00-00_to_02-00-01.mp4,1949711019,yes
CH01,CH01_2026-07-10_02-00-01_to_03-00-01.mp4,1962848300,yes
CH01,CH01_2026-07-10_03-00-01_to_04-00-01.mp4,1945370602,yes
CH01,CH01_2026-07-10_04-00-01_to_05-00-00.mp4,2010100620,yes
CH01,CH01_2026-07-10_05-00-00_to_05-41-53.mp4,1589641579,yes
CH01,CH01_2026-07-10_05-41-53_to_05-59-49.mp4,438567046,yes
CH01,CH01_2026-07-10_05-59-49_to_06-07-47.mp4,262172,yes
CH01,CH01_2026-07-10_06-07-47_to_06-12-09.mp4,28,yes
CH01,CH01_2026-07-10_06-12-09_to_06-18-47.mp4,262314,yes
CH01,CH01_2026-07-10_06-18-47_to_07-02-59.mp4,163142119,yes
CH01,CH01_2026-07-10_07-02-59_to_07-32-52.mp4,111674121,yes
CH01,CH01_2026-07-10_07-32-52_to_07-39-46.mp4,262172,yes
CH01,CH01_2026-07-10_07-39-46_to_07-44-10.mp4,28,yes
CH01,CH01_2026-07-10_07-44-10_to_07-48-32.mp4,28,yes
CH01,CH01_2026-07-10_07-48-32_to_07-54-22.mp4,262172,yes
CH01,CH01_2026-07-10_07-54-22_to_08-00-58.mp4,262172,yes
CH01,CH01_2026-07-10_08-00-58_to_08-05-16.mp4,28,yes
CH01,CH01_2026-07-10_08-05-16_to_08-09-40.mp4,28,yes
CH01,CH01_2026-07-10_08-09-40_to_08-14-00.mp4,28,yes
CH01,CH01_2026-07-10_08-14-00_to_08-18-24.mp4,28,yes
CH01,CH01_2026-07-10_08-18-24_to_09-00-44.mp4,661626779,yes
CH01,CH01_2026-07-10_09-00-44_to_09-25-45.mp4,468976799,yes
CH01,CH01_2026-07-10_09-25-45_to_09-33-09.mp4,38273181,yes
CH01,CH01_2026-07-10_09-33-09_to_09-39-31.mp4,12845291,yes
CH01,CH01_2026-07-10_09-39-31_to_09-52-41.mp4,442499455,yes
CH01,CH01_2026-07-10_09-52-41_to_10-00-04.mp4,327942326,yes
CH01,CH01_2026-07-10_10-00-04_to_11-00-07.mp4,3154888880,yes
CH01,CH01_2026-07-10_11-00-07_to_12-00-03.mp4,3377973805,yes
CH01,CH01_2026-07-10_12-00-03_to_13-00-03.mp4,3378027029,yes
CH01,CH01_2026-07-10_13-00-03_to_14-00-42.mp4,3950434434,yes
CH01,CH01_2026-07-10_14-00-42_to_15-00-00.mp4,3480796563,yes
CH01,CH01_2026-07-10_15-00-00_to_16-00-01.mp4,3220943913,yes
CH01,CH01_2026-07-10_16-00-01_to_17-00-03.mp4,3972434847,yes
CH01,CH01_2026-07-10_17-00-03_to_18-00-06.mp4,3007419766,yes
CH01,CH01_2026-07-10_18-00-06_to_19-00-00.mp4,4195175253,yes
CH01,CH01_2026-07-10_19-00-00_to_20-00-04.mp4,4168270710,yes
CH01,CH01_2026-07-10_20-00-04_to_21-00-01.mp4,2671576671,yes
CH01,CH01_2026-07-10_21-00-01_to_22-00-01.mp4,2081577955,yes
CH01,CH01_2026-07-10_22-00-01_to_23-00-01.mp4,1954232313,yes
CH01,CH01_2026-07-10_23-00-01_to_00-00-00.mp4,1957317701,yes
CH01,CH01_2026-07-11_00-00-00_to_01-00-00.mp4,1927265927,yes
CH01,CH01_2026-07-11_01-00-00_to_02-00-01.mp4,1918303891,yes
CH01,CH01_2026-07-11_02-00-01_to_03-00-01.mp4,1941117932,yes
CH01,CH01_2026-07-11_03-00-01_to_04-00-01.mp4,1937148548,yes
CH01,CH01_2026-07-11_04-00-01_to_05-00-00.mp4,1979006814,yes
CH01,CH01_2026-07-11_05-00-00_to_06-00-01.mp4,3096658487,yes
CH01,CH01_2026-07-11_06-00-01_to_07-18-51.mp4,1166207181,yes
CH01,CH01_2026-07-11_07-18-51_to_08-01-45.mp4,507521898,yes
CH01,CH01_2026-07-11_08-01-45_to_09-03-38.mp4,899603280,yes
CH01,CH01_2026-07-11_09-03-38_to_10-01-28.mp4,1097516914,yes
CH01,CH01_2026-07-11_10-01-28_to_11-00-03.mp4,1869896715,yes
CH01,CH01_2026-07-11_11-00-03_to_12-00-25.mp4,2656898451,yes
CH01,CH01_2026-07-11_12-00-25_to_13-00-01.mp4,2850882608,yes
CH01,CH01_2026-07-11_13-00-01_to_14-00-00.mp4,2724551198,yes
CH01,CH01_2026-07-11_14-00-00_to_15-00-01.mp4,3859016653,yes
CH01,CH01_2026-07-11_15-00-01_to_16-00-00.mp4,3793650538,yes
CH01,CH01_2026-07-11_16-00-00_to_17-00-00.mp4,3789711290,yes
CH01,CH01_2026-07-11_17-00-00_to_18-00-01.mp4,3789040384,yes
CH01,CH01_2026-07-11_18-00-01_to_19-00-00.mp4,3784339992,yes
CH01,CH01_2026-07-11_19-00-00_to_20-00-00.mp4,3784811043,yes
CH01,CH01_2026-07-11_20-00-00_to_21-00-00.mp4,3783239804,yes
CH01,CH01_2026-07-11_21-00-00_to_22-00-01.mp4,1658131388,yes
CH01,CH01_2026-07-11_22-00-01_to_23-00-01.mp4,1530971368,yes
CH01,CH01_2026-07-11_23-00-01_to_00-00-01.mp4,1533663039,yes
CH01,CH01_2026-07-12_00-00-01_to_01-00-00.mp4,1533912219,yes
CH01,CH01_2026-07-12_01-00-00_to_02-00-00.mp4,1525922899,yes
CH01,CH01_2026-07-12_02-00-00_to_03-00-01.mp4,1529276703,yes
CH01,CH01_2026-07-12_03-00-01_to_04-00-01.mp4,1536965425,yes
CH01,CH01_2026-07-12_04-00-01_to_05-00-00.mp4,1511157108,yes
CH01,CH01_2026-07-12_05-00-00_to_06-00-00.mp4,2985512022,yes
CH01,CH01_2026-07-12_06-00-00_to_07-00-00.mp4,3775519384,yes
CH01,CH01_2026-07-12_07-00-00_to_08-00-00.mp4,3772703411,yes
CH01,CH01_2026-07-12_08-00-00_to_09-00-01.mp4,3728686466,yes
CH01,CH01_2026-07-12_09-00-01_to_10-00-01.mp4,3753005961,yes
CH01,CH01_2026-07-12_10-00-01_to_11-00-00.mp4,3760111618,yes
CH01,CH01_2026-07-12_11-00-00_to_12-00-00.mp4,3768688061,yes
CH01,CH01_2026-07-12_12-00-00_to_13-00-01.mp4,3774264304,yes
CH01,CH01_2026-07-12_13-00-01_to_13-07-20.mp4,100401180,yes
CH01,CH01_2026-07-12_13-07-20_to_13-56-08.mp4,2753038291,yes
CH01,CH01_2026-07-12_13-56-08_to_14-02-46.mp4,28560059,yes
CH01,CH01_2026-07-12_14-02-46_to_14-08-48.mp4,6553628,yes
CH01,CH01_2026-07-12_14-08-48_to_14-41-38.mp4,1695547420,yes
CH01,CH01_2026-07-12_14-41-38_to_15-00-01.mp4,1114683138,yes
CH01,CH01_2026-07-12_15-00-01_to_15-14-34.mp4,417071920,yes
CH01,CH01_2026-07-12_15-14-34.mp4,1664876572,NO
CH02,CH02_2026-06-25_16-04-48.mp4,3463197698,NO
CH02,CH02_2026-06-25_17-00-27.mp4,219999522,NO
CH02,CH02_2026-06-27_00-00-00_to_01-00-00.mp4,4329189171,yes
CH02,CH02_2026-06-27_01-00-00_to_02-00-01.mp4,4323224015,yes
CH02,CH02_2026-06-27_02-00-01_to_03-00-01.mp4,4354598529,yes
CH02,CH02_2026-06-27_03-00-01_to_04-00-01.mp4,4347290521,yes
CH02,CH02_2026-06-27_04-00-01_to_05-00-00.mp4,4470736541,yes
CH02,CH02_2026-06-27_05-00-00_to_06-00-01.mp4,4017123846,yes
CH02,CH02_2026-06-27_06-00-01_to_07-00-07.mp4,3684184294,yes
CH02,CH02_2026-06-27_07-00-07_to_08-00-01.mp4,3682034672,yes
CH02,CH02_2026-06-27_08-00-01_to_09-00-00.mp4,3630872551,yes
CH02,CH02_2026-06-27_09-00-00_to_10-00-00.mp4,3711081894,yes
CH02,CH02_2026-06-27_10-00-00_to_11-00-00.mp4,3846298349,yes
CH02,CH02_2026-06-27_11-00-00_to_12-00-01.mp4,3942125479,yes
CH02,CH02_2026-06-27_12-00-01_to_13-00-01.mp4,3947721507,yes
CH02,CH02_2026-06-27_13-00-01_to_14-00-00.mp4,3971486994,yes
CH02,CH02_2026-06-27_14-00-00_to_15-00-00.mp4,3926615730,yes
CH02,CH02_2026-06-27_15-00-00_to_16-00-01.mp4,4021242561,yes
CH02,CH02_2026-06-27_16-00-01_to_17-00-01.mp4,4056606357,yes
CH02,CH02_2026-06-27_17-00-01_to_18-00-00.mp4,3766252243,yes
CH02,CH02_2026-06-27_18-00-00_to_19-00-00.mp4,3723023344,yes
CH02,CH02_2026-06-27_19-00-00_to_20-00-01.mp4,3433727888,yes
CH02,CH02_2026-06-27_20-00-01_to_21-00-05.mp4,3674097836,yes
CH02,CH02_2026-06-27_21-00-05_to_22-00-01.mp4,4462012502,yes
CH02,CH02_2026-06-27_22-00-01_to_23-00-00.mp4,4148356737,yes
CH02,CH02_2026-06-27_23-00-00_to_00-00-01.mp4,4207816538,yes
CH02,CH02_2026-06-28_00-00-01_to_01-00-01.mp4,4234925368,yes
CH02,CH02_2026-06-28_01-00-01.mp4,1090464141,NO
CH02,CH02_2026-06-28_01-16-16.mp4,40158347,NO
CH02,CH02_2026-06-28_01-18-20_to_02-00-00.mp4,2960678260,yes
CH02,CH02_2026-06-28_02-00-00_to_03-00-00.mp4,4182012931,yes
CH02,CH02_2026-06-28_03-00-00_to_03-05-03.mp4,1277398,yes
CH02,CH02_2026-06-28_03-05-03_to_04-00-00.mp4,3904897614,yes
CH02,CH02_2026-06-28_04-00-00_to_05-00-00.mp4,4359715897,yes
CH02,CH02_2026-06-28_05-00-00_to_06-00-01.mp4,4067825841,yes
CH02,CH02_2026-06-28_06-00-01_to_07-00-01.mp4,3879967341,yes
CH02,CH02_2026-06-28_07-00-01_to_08-00-06.mp4,3507719519,yes
CH02,CH02_2026-06-28_08-00-06_to_09-00-00.mp4,3682128607,yes
CH02,CH02_2026-06-28_09-00-00_to_10-00-01.mp4,3683462951,yes
CH02,CH02_2026-06-28_10-00-01_to_11-00-01.mp4,3858773283,yes
CH02,CH02_2026-06-28_11-00-01_to_12-00-00.mp4,4264897109,yes
CH02,CH02_2026-06-28_12-00-00_to_13-00-00.mp4,3948440461,yes
CH02,CH02_2026-06-28_13-00-00_to_14-00-00.mp4,4382730556,yes
CH02,CH02_2026-06-28_14-00-00_to_15-00-07.mp4,3995483428,yes
CH02,CH02_2026-06-28_15-00-07_to_16-00-00.mp4,4417191135,yes
CH02,CH02_2026-06-28_16-00-00_to_17-00-00.mp4,4169891630,yes
CH02,CH02_2026-06-28_17-00-00_to_18-00-00.mp4,4638816651,yes
CH02,CH02_2026-06-28_18-00-00_to_19-00-01.mp4,3885054089,yes
CH02,CH02_2026-06-28_19-00-01_to_20-00-00.mp4,3696230163,yes
CH02,CH02_2026-06-28_20-00-00_to_21-00-01.mp4,3581622955,yes
CH02,CH02_2026-06-28_21-00-01_to_22-00-01.mp4,4399578386,yes
CH02,CH02_2026-06-28_22-00-01_to_23-00-00.mp4,4117380682,yes
CH02,CH02_2026-06-28_23-00-00_to_00-00-01.mp4,4117537759,yes
CH02,CH02_2026-06-29_00-00-01_to_01-00-00.mp4,4135433903,yes
CH02,CH02_2026-06-29_01-00-00_to_02-00-01.mp4,4195126823,yes
CH02,CH02_2026-06-29_02-00-01_to_03-00-01.mp4,4026536780,yes
CH02,CH02_2026-06-29_03-00-01_to_04-00-00.mp4,3984649999,yes
CH02,CH02_2026-06-29_04-00-00_to_05-00-00.mp4,4161601164,yes
CH02,CH02_2026-06-29_05-00-00_to_06-00-01.mp4,4732454405,yes
CH02,CH02_2026-06-29_06-00-01_to_07-00-00.mp4,4025832126,yes
CH02,CH02_2026-06-29_07-00-00_to_08-00-07.mp4,3786012116,yes
CH02,CH02_2026-06-29_08-00-07_to_09-00-02.mp4,3704506764,yes
CH02,CH02_2026-06-29_09-00-02_to_10-00-01.mp4,3680299182,yes
CH02,CH02_2026-06-29_10-00-01_to_11-00-01.mp4,3713540419,yes
CH02,CH02_2026-06-29_11-00-01_to_12-00-00.mp4,4033470537,yes
CH02,CH02_2026-06-29_12-00-00_to_13-00-01.mp4,4209991419,yes
CH02,CH02_2026-06-29_13-00-01_to_13-17-38.mp4,1166904679,yes
CH02,CH02_2026-06-29_13-17-38_to_14-00-00.mp4,2668554212,yes
CH02,CH02_2026-06-29_14-00-00_to_15-00-00.mp4,3691472743,yes
CH02,CH02_2026-06-29_14-20-42_to_14-41-10.mp4,1615722133,yes
CH02,CH02_2026-06-29_14-41-10_to_14-59-58.mp4,1485595002,yes
CH02,CH02_2026-06-29_14-59-58_to_15-20-24.mp4,1614575808,yes
CH02,CH02_2026-06-29_15-00-00.mp4,33030172,NO
CH02,CH02_2026-06-29_15-20-24_to_15-35-20.mp4,1180432069,yes
CH02,CH02_2026-06-29_15-35-20_to_15-55-46.mp4,1614410199,yes
CH02,CH02_2026-06-29_15-55-46_to_15-59-58.mp4,336457228,yes
CH02,CH02_2026-06-29_15-59-58_to_16-18-56.mp4,1501095078,yes
CH02,CH02_2026-06-29_17-46-24_to_18-00-01.mp4,893022171,yes
CH02,CH02_2026-06-29_18-00-01_to_19-00-01.mp4,3629886110,yes
CH02,CH02_2026-06-29_19-00-01_to_20-00-00.mp4,3728590772,yes
CH02,CH02_2026-06-29_20-00-00_to_21-00-01.mp4,3646894854,yes
CH02,CH02_2026-06-29_21-00-01_to_22-00-00.mp4,4372764873,yes
CH02,CH02_2026-06-29_22-00-00_to_23-00-00.mp4,4225476423,yes
CH02,CH02_2026-06-29_23-00-00_to_00-00-01.mp4,4400211862,yes
CH02,CH02_2026-06-30_00-00-01_to_01-00-00.mp4,4335358462,yes
CH02,CH02_2026-06-30_01-00-00_to_02-00-00.mp4,4393630861,yes
CH02,CH02_2026-06-30_02-00-00_to_03-00-01.mp4,4412806982,yes
CH02,CH02_2026-06-30_03-00-01_to_04-00-01.mp4,4186548546,yes
CH02,CH02_2026-06-30_04-00-01_to_05-00-00.mp4,4174789899,yes
CH02,CH02_2026-06-30_05-00-00_to_06-00-01.mp4,4734643237,yes
CH02,CH02_2026-06-30_06-00-01_to_07-00-01.mp4,4043520818,yes
CH02,CH02_2026-06-30_07-00-01_to_08-00-00.mp4,4040316690,yes
CH02,CH02_2026-06-30_08-00-00_to_09-00-00.mp4,4004250497,yes
CH02,CH02_2026-06-30_09-00-00_to_09-26-17.mp4,1405617323,yes
CH02,CH02_2026-06-30_09-26-17_to_09-36-43.mp4,194510876,yes
CH02,CH02_2026-06-30_09-36-43_to_09-47-13.mp4,283377692,yes
CH02,CH02_2026-06-30_09-47-13_to_10-00-01.mp4,860188691,yes
CH02,CH02_2026-06-30_10-00-01_to_11-00-01.mp4,3847772039,yes
CH02,CH02_2026-06-30_11-00-01_to_12-00-01.mp4,4327228240,yes
CH02,CH02_2026-06-30_12-00-01_to_13-00-00.mp4,4500248056,yes
CH02,CH02_2026-06-30_13-00-00_to_14-00-01.mp4,4687324146,yes
CH02,CH02_2026-06-30_14-00-01_to_15-00-04.mp4,4310847766,yes
CH02,CH02_2026-06-30_15-00-04_to_16-00-02.mp4,4124571164,yes
CH02,CH02_2026-06-30_16-00-02_to_17-00-00.mp4,4168649010,yes
CH02,CH02_2026-06-30_17-00-00_to_18-00-01.mp4,4236153729,yes
CH02,CH02_2026-06-30_18-00-01_to_19-00-01.mp4,3722625927,yes
CH02,CH02_2026-06-30_19-00-01_to_20-00-00.mp4,3694356345,yes
CH02,CH02_2026-06-30_20-00-00_to_21-00-02.mp4,3685173663,yes
CH02,CH02_2026-06-30_21-00-02_to_22-00-01.mp4,4490154254,yes
CH02,CH02_2026-06-30_22-00-01_to_23-00-01.mp4,4401484939,yes
CH02,CH02_2026-06-30_23-00-01_to_00-00-00.mp4,4258031871,yes
CH02,CH02_2026-07-01_00-00-00_to_01-00-00.mp4,4241590442,yes
CH02,CH02_2026-07-01_01-00-00_to_02-00-01.mp4,4371686616,yes
CH02,CH02_2026-07-01_02-00-01_to_03-00-01.mp4,4326143652,yes
CH02,CH02_2026-07-01_03-00-01_to_04-00-01.mp4,4398710984,yes
CH02,CH02_2026-07-01_04-00-01_to_05-00-00.mp4,4378463518,yes
CH02,CH02_2026-07-01_05-00-00_to_06-00-00.mp4,4673591834,yes
CH02,CH02_2026-07-01_06-00-00_to_07-00-01.mp4,3732587440,yes
CH02,CH02_2026-07-01_07-00-01_to_08-00-01.mp4,3665530324,yes
CH02,CH02_2026-07-01_08-00-01_to_09-00-10.mp4,3661674388,yes
CH02,CH02_2026-07-01_09-00-10_to_10-00-00.mp4,3934914184,yes
CH02,CH02_2026-07-01_10-00-00_to_10-20-35.mp4,972292743,yes
CH02,CH02_2026-07-01_10-20-35_to_10-32-41.mp4,462947645,yes
CH02,CH02_2026-07-01_10-32-41_to_11-00-00.mp4,1828887272,yes
CH02,CH02_2026-07-01_11-00-00_to_12-00-01.mp4,4060285606,yes
CH02,CH02_2026-07-01_12-00-01_to_13-00-01.mp4,4133237542,yes
CH02,CH02_2026-07-01_13-00-01_to_14-00-01.mp4,4016901309,yes
CH02,CH02_2026-07-01_14-00-01_to_15-00-00.mp4,3981214297,yes
CH02,CH02_2026-07-01_15-00-00_to_16-00-00.mp4,3842709794,yes
CH02,CH02_2026-07-01_16-00-00_to_17-00-01.mp4,3768634110,yes
CH02,CH02_2026-07-01_17-00-01_to_18-00-01.mp4,4080252574,yes
CH02,CH02_2026-07-01_18-00-01_to_19-00-00.mp4,3537607647,yes
CH02,CH02_2026-07-01_19-00-00_to_20-00-00.mp4,4075027194,yes
CH02,CH02_2026-07-01_20-00-00_to_21-00-00.mp4,3705892030,yes
CH02,CH02_2026-07-01_21-00-00_to_22-00-01.mp4,4507065938,yes
CH02,CH02_2026-07-01_22-00-01_to_23-00-01.mp4,4172754034,yes
CH02,CH02_2026-07-01_23-00-01_to_00-00-00.mp4,4143687497,yes
CH02,CH02_2026-07-02_00-00-00_to_01-00-00.mp4,4348015396,yes
CH02,CH02_2026-07-02_01-00-00_to_02-00-00.mp4,4609305442,yes
CH02,CH02_2026-07-02_02-00-00_to_03-00-01.mp4,4510102383,yes
CH02,CH02_2026-07-02_03-00-01_to_04-00-01.mp4,4531082515,yes
CH02,CH02_2026-07-02_04-00-01_to_05-00-00.mp4,4318617332,yes
CH02,CH02_2026-07-02_05-00-00_to_06-00-00.mp4,4545735535,yes
CH02,CH02_2026-07-02_06-00-00_to_07-00-03.mp4,3599530493,yes
CH02,CH02_2026-07-02_07-00-03_to_08-00-01.mp4,3823839010,yes
CH02,CH02_2026-07-02_08-00-01_to_08-30-16.mp4,1557398923,yes
CH02,CH02_2026-07-02_08-30-16_to_08-35-38.mp4,20185116,yes
CH02,CH02_2026-07-02_08-35-38_to_08-45-18.mp4,142344220,yes
CH02,CH02_2026-07-02_08-45-18_to_09-00-11.mp4,718594954,yes
CH02,CH02_2026-07-02_09-00-11_to_09-04-24.mp4,28,yes
CH02,CH02_2026-07-02_09-04-24_to_09-11-18.mp4,76283932,yes
CH02,CH02_2026-07-02_09-11-18_to_09-37-36.mp4,1130890525,yes
CH02,CH02_2026-07-02_09-37-36_to_10-00-01.mp4,1468378298,yes
CH02,CH02_2026-07-02_10-00-01_to_10-09-08.mp4,235143196,yes
CH02,CH02_2026-07-02_10-09-08_to_10-15-32.mp4,117178396,yes
CH02,CH02_2026-07-02_10-15-32_to_11-00-00.mp4,2966052799,yes
CH02,CH02_2026-07-02_11-00-00_to_11-06-11.mp4,65536028,yes
CH02,CH02_2026-07-02_11-06-11_to_11-54-20.mp4,2893284342,yes
CH02,CH02_2026-07-02_11-54-20_to_12-00-01.mp4,395690063,yes
CH02,CH02_2026-07-02_12-00-01_to_13-00-00.mp4,4473788754,yes
CH02,CH02_2026-07-02_13-00-00_to_14-00-01.mp4,4516208340,yes
CH02,CH02_2026-07-02_14-00-01_to_15-00-03.mp4,4335203420,yes
CH02,CH02_2026-07-02_15-00-03_to_15-34-10.mp4,2170815415,yes
CH02,CH02_2026-07-02_15-34-10_to_15-58-07.mp4,1219231772,yes
CH02,CH02_2026-07-02_15-58-07_to_16-00-02.mp4,113185206,yes
CH02,CH02_2026-07-02_16-00-02_to_16-09-59.mp4,328467019,yes
CH02,CH02_2026-07-02_16-09-59_to_17-00-00.mp4,3625970756,yes
CH02,CH02_2026-07-02_17-00-00_to_18-00-01.mp4,4305333796,yes
CH02,CH02_2026-07-02_18-00-01_to_19-00-01.mp4,4467386834,yes
CH02,CH02_2026-07-02_19-00-01_to_20-00-00.mp4,4571772211,yes
CH02,CH02_2026-07-02_20-00-00_to_21-00-01.mp4,3883247091,yes
CH02,CH02_2026-07-02_21-00-01_to_22-00-01.mp4,4402389502,yes
CH02,CH02_2026-07-02_22-00-01_to_23-00-00.mp4,4220356259,yes
CH02,CH02_2026-07-02_23-00-00_to_00-02-32.mp4,4147292088,yes
CH02,CH02_2026-07-03_00-02-32_to_00-07-38.mp4,32489231,yes
CH02,CH02_2026-07-03_00-07-38_to_00-12-34.mp4,4231322,yes
CH02,CH02_2026-07-03_00-12-34_to_01-00-01.mp4,3323451941,yes
CH02,CH02_2026-07-03_01-00-01_to_02-00-01.mp4,4220403122,yes
CH02,CH02_2026-07-03_02-00-01_to_03-00-00.mp4,4215995020,yes
CH02,CH02_2026-07-03_03-00-00_to_04-00-00.mp4,4215599547,yes
CH02,CH02_2026-07-03_04-00-00_to_05-00-01.mp4,4320057310,yes
CH02,CH02_2026-07-03_05-00-01_to_06-00-01.mp4,4229867696,yes
CH02,CH02_2026-07-03_06-00-01_to_07-00-00.mp4,3748184207,yes
CH02,CH02_2026-07-03_07-00-00_to_08-00-00.mp4,3712729422,yes
CH02,CH02_2026-07-03_08-00-00_to_09-00-01.mp4,3803250960,yes
CH02,CH02_2026-07-03_09-00-01_to_10-00-01.mp4,3690744421,yes
CH02,CH02_2026-07-03_10-00-01_to_11-00-00.mp4,4034622582,yes
CH02,CH02_2026-07-03_11-00-00_to_12-00-00.mp4,4130509960,yes
CH02,CH02_2026-07-03_12-00-00_to_13-00-00.mp4,4360344343,yes
CH02,CH02_2026-07-03_13-00-00_to_14-16-46.mp4,3973962425,yes
CH02,CH02_2026-07-03_14-16-46_to_14-35-12.mp4,15176837,yes
CH02,CH02_2026-07-03_14-35-12_to_15-00-01.mp4,1627707881,yes
CH02,CH02_2026-07-03_15-00-01_to_16-00-01.mp4,4037366287,yes
CH02,CH02_2026-07-03_16-00-01_to_17-00-00.mp4,3778948768,yes
CH02,CH02_2026-07-03_17-00-00_to_18-00-06.mp4,3527775043,yes
CH02,CH02_2026-07-03_18-00-06_to_19-00-01.mp4,3736439001,yes
CH02,CH02_2026-07-03_19-00-01_to_20-00-01.mp4,3724127654,yes
CH02,CH02_2026-07-03_20-00-01_to_21-00-00.mp4,3594954336,yes
CH02,CH02_2026-07-03_21-00-00_to_22-00-00.mp4,4456685673,yes
CH02,CH02_2026-07-03_22-00-00_to_23-00-00.mp4,4290513813,yes
CH02,CH02_2026-07-03_23-00-00_to_00-00-01.mp4,4211494502,yes
CH02,CH02_2026-07-04_00-00-01_to_01-00-01.mp4,4206324179,yes
CH02,CH02_2026-07-04_01-00-01_to_02-00-00.mp4,4242797179,yes
CH02,CH02_2026-07-04_02-00-00_to_03-00-00.mp4,4347201105,yes
CH02,CH02_2026-07-04_03-00-00_to_04-00-00.mp4,4347877900,yes
CH02,CH02_2026-07-04_04-00-00_to_05-00-01.mp4,4438119907,yes
CH02,CH02_2026-07-04_05-00-01_to_06-00-00.mp4,3923587852,yes
CH02,CH02_2026-07-04_06-00-00_to_07-00-00.mp4,3404537783,yes
CH02,CH02_2026-07-04_07-00-00_to_08-00-00.mp4,3561024982,yes
CH02,CH02_2026-07-04_08-00-00_to_09-00-01.mp4,3541407318,yes
CH02,CH02_2026-07-04_09-00-01_to_10-00-01.mp4,3934638215,yes
CH02,CH02_2026-07-04_10-00-01_to_11-00-00.mp4,4571585437,yes
CH02,CH02_2026-07-04_11-00-00_to_12-00-00.mp4,4285038134,yes
CH02,CH02_2026-07-04_12-00-00_to_13-00-00.mp4,4089944240,yes
CH02,CH02_2026-07-04_13-00-00_to_14-00-01.mp4,4011532232,yes
CH02,CH02_2026-07-04_14-00-01_to_15-00-01.mp4,3644508705,yes
CH02,CH02_2026-07-04_15-00-01_to_16-00-01.mp4,3763914758,yes
CH02,CH02_2026-07-04_16-00-01_to_17-00-00.mp4,4212246945,yes
CH02,CH02_2026-07-04_17-00-00_to_18-00-00.mp4,4550769414,yes
CH02,CH02_2026-07-04_18-00-00_to_19-00-01.mp4,3745380688,yes
CH02,CH02_2026-07-04_19-00-01_to_20-00-01.mp4,3629990453,yes
CH02,CH02_2026-07-04_20-00-01_to_21-00-00.mp4,3688355241,yes
CH02,CH02_2026-07-04_21-00-00_to_22-00-00.mp4,4456058469,yes
CH02,CH02_2026-07-04_22-00-00_to_23-00-00.mp4,4070289664,yes
CH02,CH02_2026-07-04_23-00-00_to_00-00-01.mp4,4233350606,yes
CH02,CH02_2026-07-05_00-00-01_to_01-00-01.mp4,4306324964,yes
CH02,CH02_2026-07-05_01-00-01_to_02-00-00.mp4,4347131456,yes
CH02,CH02_2026-07-05_02-00-00_to_03-00-00.mp4,4334830630,yes
CH02,CH02_2026-07-05_03-00-00_to_04-00-00.mp4,4234828203,yes
CH02,CH02_2026-07-05_04-00-00_to_05-00-01.mp4,4350272228,yes
CH02,CH02_2026-07-05_05-00-01_to_06-00-01.mp4,4322106159,yes
CH02,CH02_2026-07-05_06-00-01_to_07-00-00.mp4,3521721209,yes
CH02,CH02_2026-07-05_07-00-00_to_08-00-00.mp4,3451843667,yes
CH02,CH02_2026-07-05_08-00-00_to_09-00-07.mp4,3376707445,yes
CH02,CH02_2026-07-05_09-00-07_to_10-00-03.mp4,3605129130,yes
CH02,CH02_2026-07-05_10-00-03_to_11-00-01.mp4,3690153782,yes
CH02,CH02_2026-07-05_11-00-01_to_11-48-48.mp4,2643198541,yes
CH02,CH02_2026-07-05_11-48-48_to_12-00-00.mp4,604935486,yes
CH02,CH02_2026-07-05_12-00-00_to_13-00-00.mp4,3256786738,yes
CH02,CH02_2026-07-05_13-00-00_to_14-05-17.mp4,3807744355,yes
CH02,CH02_2026-07-05_14-05-17_to_14-30-45.mp4,1126170652,yes
CH02,CH02_2026-07-05_14-30-45_to_14-38-37.mp4,230686748,yes
CH02,CH02_2026-07-05_14-38-37_to_14-50-17.mp4,406585425,yes
CH02,CH02_2026-07-05_14-50-17_to_15-00-00.mp4,589608494,yes
CH02,CH02_2026-07-05_15-00-00_to_15-10-10.mp4,285999132,yes
CH02,CH02_2026-07-05_15-10-10_to_16-00-01.mp4,3302947050,yes
CH02,CH02_2026-07-05_16-00-01_to_17-00-01.mp4,3512402417,yes
CH02,CH02_2026-07-05_17-00-01_to_18-00-01.mp4,3549530427,yes
CH02,CH02_2026-07-05_18-00-01_to_19-00-01.mp4,3731731773,yes
CH02,CH02_2026-07-05_19-00-01_to_20-00-00.mp4,3572136984,yes
CH02,CH02_2026-07-05_20-00-00_to_21-00-00.mp4,3963428766,yes
CH02,CH02_2026-07-05_21-00-00_to_22-00-01.mp4,4509633689,yes
CH02,CH02_2026-07-05_22-00-01_to_23-00-01.mp4,4372261223,yes
CH02,CH02_2026-07-05_23-00-01_to_00-00-01.mp4,4387892388,yes
CH02,CH02_2026-07-06_00-00-01_to_01-00-00.mp4,4354814051,yes
CH02,CH02_2026-07-06_01-00-00_to_02-00-00.mp4,4461111092,yes
CH02,CH02_2026-07-06_02-00-00_to_03-00-01.mp4,4601143280,yes
CH02,CH02_2026-07-06_03-00-01_to_04-00-00.mp4,4394593783,yes
CH02,CH02_2026-07-06_04-00-00_to_05-00-00.mp4,4370607550,yes
CH02,CH02_2026-07-06_05-00-00_to_06-00-00.mp4,4721185887,yes
CH02,CH02_2026-07-06_06-00-00_to_07-00-00.mp4,4732938265,yes
CH02,CH02_2026-07-06_07-00-00_to_08-00-01.mp4,4573016006,yes
CH02,CH02_2026-07-06_08-00-01_to_09-00-05.mp4,3705400327,yes
CH02,CH02_2026-07-06_09-00-05_to_10-00-01.mp4,3811916150,yes
CH02,CH02_2026-07-06_10-00-01_to_11-00-00.mp4,4035483056,yes
CH02,CH02_2026-07-06_11-00-00_to_12-00-00.mp4,4179537931,yes
CH02,CH02_2026-07-06_12-00-00_to_13-00-03.mp4,4090637090,yes
CH02,CH02_2026-07-06_13-00-03_to_14-00-01.mp4,3829433503,yes
CH02,CH02_2026-07-06_14-00-01_to_15-00-01.mp4,3598953864,yes
CH02,CH02_2026-07-06_15-00-01_to_16-00-03.mp4,3703856718,yes
CH02,CH02_2026-07-06_16-00-03_to_17-00-00.mp4,3844689646,yes
CH02,CH02_2026-07-06_17-00-00_to_18-00-00.mp4,3955461065,yes
CH02,CH02_2026-07-06_18-00-00_to_19-00-00.mp4,3990248399,yes
CH02,CH02_2026-07-06_19-00-00_to_20-00-01.mp4,3586083890,yes
CH02,CH02_2026-07-06_20-00-01_to_21-00-01.mp4,3935518135,yes
CH02,CH02_2026-07-06_21-00-01_to_22-00-00.mp4,4717775059,yes
CH02,CH02_2026-07-06_22-00-00_to_23-00-00.mp4,4674223986,yes
CH02,CH02_2026-07-06_23-00-00_to_00-00-00.mp4,4568182895,yes
CH02,CH02_2026-07-07_00-00-00_to_01-00-01.mp4,4400445441,yes
CH02,CH02_2026-07-07_01-00-01_to_02-00-01.mp4,4397078627,yes
CH02,CH02_2026-07-07_02-00-01_to_03-00-01.mp4,4405266901,yes
CH02,CH02_2026-07-07_03-00-01_to_04-00-00.mp4,4381332083,yes
CH02,CH02_2026-07-07_04-00-00_to_05-00-00.mp4,4406684119,yes
CH02,CH02_2026-07-07_05-00-00_to_06-00-01.mp4,4259783508,yes
CH02,CH02_2026-07-07_06-00-01_to_07-00-01.mp4,3628497922,yes
CH02,CH02_2026-07-07_07-00-01_to_08-00-01.mp4,3637445222,yes
CH02,CH02_2026-07-07_08-00-01_to_09-00-01.mp4,3656549474,yes
CH02,CH02_2026-07-07_09-00-01_to_10-00-01.mp4,3676312203,yes
CH02,CH02_2026-07-07_10-00-01_to_11-00-01.mp4,3581476410,yes
CH02,CH02_2026-07-07_11-00-01_to_12-00-00.mp4,3512934981,yes
CH02,CH02_2026-07-07_12-00-00_to_13-00-00.mp4,3845327039,yes
CH02,CH02_2026-07-07_13-00-00_to_14-00-01.mp4,3982856096,yes
CH02,CH02_2026-07-07_14-00-01_to_15-00-02.mp4,4590903837,yes
CH02,CH02_2026-07-07_15-00-02_to_16-00-01.mp4,4067909085,yes
CH02,CH02_2026-07-07_16-00-01_to_17-00-01.mp4,3765911254,yes
CH02,CH02_2026-07-07_17-00-01_to_18-00-00.mp4,3535618374,yes
CH02,CH02_2026-07-07_18-00-00_to_19-00-04.mp4,3642303336,yes
CH02,CH02_2026-07-07_19-00-04_to_20-00-01.mp4,3631508031,yes
CH02,CH02_2026-07-07_20-00-01_to_21-00-01.mp4,3780548338,yes
CH02,CH02_2026-07-07_21-00-01_to_22-00-02.mp4,4515818178,yes
CH02,CH02_2026-07-07_22-00-02_to_23-00-00.mp4,4423211393,yes
CH02,CH02_2026-07-07_23-00-00_to_00-00-02.mp4,4492241860,yes
CH02,CH02_2026-07-08_00-00-02_to_01-00-00.mp4,4527152445,yes
CH02,CH02_2026-07-08_01-00-00_to_02-00-00.mp4,4522894321,yes
CH02,CH02_2026-07-08_02-00-00_to_03-00-01.mp4,4556904298,yes
CH02,CH02_2026-07-08_03-00-01_to_04-00-01.mp4,4570440075,yes
CH02,CH02_2026-07-08_04-00-01_to_05-00-00.mp4,4625578298,yes
CH02,CH02_2026-07-08_05-00-00_to_06-00-00.mp4,4724160955,yes
CH02,CH02_2026-07-08_06-00-00_to_07-00-01.mp4,3862857653,yes
CH02,CH02_2026-07-08_07-00-01_to_08-00-00.mp4,3644681442,yes
CH02,CH02_2026-07-08_08-00-00_to_09-00-00.mp4,3751017742,yes
CH02,CH02_2026-07-08_09-00-00_to_10-00-01.mp4,3795575912,yes
CH02,CH02_2026-07-08_10-00-01_to_11-00-01.mp4,4003786618,yes
CH02,CH02_2026-07-08_11-00-01_to_12-00-00.mp4,4042226554,yes
CH02,CH02_2026-07-08_12-00-00_to_13-00-00.mp4,3943349392,yes
CH02,CH02_2026-07-08_13-00-00_to_14-00-01.mp4,3991468577,yes
CH02,CH02_2026-07-08_14-00-01_to_15-00-01.mp4,3964762487,yes
CH02,CH02_2026-07-08_15-00-01_to_16-00-01.mp4,3987509320,yes
CH02,CH02_2026-07-08_16-00-01_to_17-00-01.mp4,3795816988,yes
CH02,CH02_2026-07-08_17-00-01_to_18-00-00.mp4,3744515932,yes
CH02,CH02_2026-07-08_18-00-00_to_19-00-00.mp4,3561801576,yes
CH02,CH02_2026-07-08_19-00-00_to_20-00-01.mp4,3560557800,yes
CH02,CH02_2026-07-08_20-00-01_to_21-00-01.mp4,3729718194,yes
CH02,CH02_2026-07-08_21-00-01_to_22-00-01.mp4,4504586944,yes
CH02,CH02_2026-07-08_22-00-01_to_23-00-00.mp4,4348451781,yes
CH02,CH02_2026-07-08_23-00-00_to_00-00-00.mp4,4361476292,yes
CH02,CH02_2026-07-09_00-00-00_to_01-00-01.mp4,4372202296,yes
CH02,CH02_2026-07-09_01-00-01_to_02-00-01.mp4,4353612451,yes
CH02,CH02_2026-07-09_02-00-01_to_03-00-00.mp4,4411022754,yes
CH02,CH02_2026-07-09_03-00-00_to_04-00-00.mp4,4357138262,yes
CH02,CH02_2026-07-09_04-00-00_to_05-00-00.mp4,4355506967,yes
CH02,CH02_2026-07-09_05-00-00_to_06-00-01.mp4,4178641217,yes
CH02,CH02_2026-07-09_06-00-01_to_07-00-00.mp4,3694147825,yes
CH02,CH02_2026-07-09_07-00-00_to_08-00-00.mp4,3786549928,yes
CH02,CH02_2026-07-09_08-00-00_to_09-00-01.mp4,3883236495,yes
CH02,CH02_2026-07-09_09-00-01_to_10-00-01.mp4,3842825586,yes
CH02,CH02_2026-07-09_10-00-01_to_10-26-28.mp4,1277952486,yes
CH02,CH02_2026-07-09_10-26-28_to_10-33-18.mp4,82313244,yes
CH02,CH02_2026-07-09_10-33-18_to_11-00-01.mp4,1705208294,yes
CH02,CH02_2026-07-09_11-00-01_to_11-38-56.mp4,2291401735,yes
CH02,CH02_2026-07-09_11-38-56_to_12-00-02.mp4,1381774915,yes
CH02,CH02_2026-07-09_12-00-02_to_12-21-19.mp4,1233387911,yes
CH02,CH02_2026-07-09_12-21-19_to_12-32-11.mp4,333971484,yes
CH02,CH02_2026-07-09_12-32-11_to_13-00-06.mp4,1954089989,yes
CH02,CH02_2026-07-09_13-00-06_to_14-00-00.mp4,4297568492,yes
CH02,CH02_2026-07-09_14-00-00_to_14-36-04.mp4,2181300760,yes
CH02,CH02_2026-07-09_14-36-04_to_15-00-01.mp4,1703777437,yes
CH02,CH02_2026-07-09_15-00-01_to_16-00-00.mp4,3929171860,yes
CH02,CH02_2026-07-09_16-00-00_to_17-00-08.mp4,4048600689,yes
CH02,CH02_2026-07-09_17-00-08_to_17-11-05.mp4,429916334,yes
CH02,CH02_2026-07-09_17-11-05_to_17-40-51.mp4,1651507530,yes
CH02,CH02_2026-07-09_17-40-51_to_18-00-01.mp4,1224901020,yes
CH02,CH02_2026-07-09_18-00-01_to_18-32-54.mp4,1629225278,yes
CH02,CH02_2026-07-09_18-32-54_to_18-38-28.mp4,9175068,yes
CH02,CH02_2026-07-09_18-38-28_to_18-56-42.mp4,657195383,yes
CH02,CH02_2026-07-09_18-56-42_to_19-00-01.mp4,245638652,yes
CH02,CH02_2026-07-09_19-00-01_to_19-54-56.mp4,3142321926,yes
CH02,CH02_2026-07-09_19-54-56_to_20-00-01.mp4,370058723,yes
CH02,CH02_2026-07-09_20-00-01_to_21-00-00.mp4,4409970979,yes
CH02,CH02_2026-07-09_21-00-00_to_22-00-00.mp4,4640425013,yes
CH02,CH02_2026-07-09_22-00-00_to_23-00-02.mp4,3154999319,yes
CH02,CH02_2026-07-09_23-00-02_to_00-00-00.mp4,2025830758,yes
CH02,CH02_2026-07-10_00-00-00_to_01-00-00.mp4,1998126389,yes
CH02,CH02_2026-07-10_01-00-00_to_02-00-01.mp4,1990211861,yes
CH02,CH02_2026-07-10_02-00-01_to_03-00-01.mp4,2031643240,yes
CH02,CH02_2026-07-10_03-00-01_to_04-00-00.mp4,1997379231,yes
CH02,CH02_2026-07-10_04-00-00_to_05-00-00.mp4,2037687141,yes
CH02,CH02_2026-07-10_05-00-00_to_06-00-38.mp4,1983909390,yes
CH02,CH02_2026-07-10_06-00-38_to_06-06-59.mp4,1572892,yes
CH02,CH02_2026-07-10_06-06-59_to_06-16-28.mp4,15204380,yes
CH02,CH02_2026-07-10_06-16-28_to_07-06-35.mp4,512324228,yes
CH02,CH02_2026-07-10_07-06-35_to_07-35-58.mp4,127140954,yes
CH02,CH02_2026-07-10_07-35-58_to_07-40-20.mp4,28,yes
CH02,CH02_2026-07-10_07-40-20_to_07-59-40.mp4,25952400,yes
CH02,CH02_2026-07-10_07-59-40_to_08-11-58.mp4,11796508,yes
CH02,CH02_2026-07-10_08-11-58_to_08-16-22.mp4,28,yes
CH02,CH02_2026-07-10_08-16-22_to_09-01-32.mp4,815394722,yes
CH02,CH02_2026-07-10_09-01-32_to_09-26-47.mp4,469238573,yes
CH02,CH02_2026-07-10_09-26-47_to_09-32-37.mp4,28049436,yes
CH02,CH02_2026-07-10_09-32-37_to_09-38-45.mp4,10747932,yes
CH02,CH02_2026-07-10_09-38-45_to_09-55-43.mp4,659292188,yes
CH02,CH02_2026-07-10_09-55-43_to_10-00-24.mp4,226208774,yes
CH02,CH02_2026-07-10_10-00-24_to_10-05-19.mp4,27000860,yes
CH02,CH02_2026-07-10_10-05-19_to_10-10-39.mp4,12845084,yes
CH02,CH02_2026-07-10_10-10-39_to_11-00-03.mp4,2911474490,yes
CH02,CH02_2026-07-10_11-00-03_to_11-15-14.mp4,493879324,yes
CH02,CH02_2026-07-10_11-15-14_to_11-26-54.mp4,552337788,yes
CH02,CH02_2026-07-10_11-26-54_to_11-53-10.mp4,1346372031,yes
CH02,CH02_2026-07-10_11-53-10_to_12-00-01.mp4,349715192,yes
CH02,CH02_2026-07-10_12-00-01_to_13-00-00.mp4,3641835707,yes
CH02,CH02_2026-07-10_13-00-00_to_13-26-27.mp4,1331167922,yes
CH02,CH02_2026-07-10_13-26-27_to_13-36-19.mp4,353370140,yes
CH02,CH02_2026-07-10_13-36-19_to_14-00-48.mp4,1702058227,yes
CH02,CH02_2026-07-10_14-00-48_to_15-00-01.mp4,3595022360,yes
CH02,CH02_2026-07-10_15-00-01_to_16-00-01.mp4,3307290766,yes
CH02,CH02_2026-07-10_16-00-01_to_17-00-02.mp4,3885370957,yes
CH02,CH02_2026-07-10_17-00-02_to_18-00-00.mp4,2358582750,yes
CH02,CH02_2026-07-10_18-00-00_to_19-00-02.mp4,3797399101,yes
CH02,CH02_2026-07-10_19-00-02_to_20-00-01.mp4,3521545866,yes
CH02,CH02_2026-07-10_20-00-01_to_21-00-01.mp4,2170370568,yes
CH02,CH02_2026-07-10_21-00-01_to_22-00-01.mp4,2093561246,yes
CH02,CH02_2026-07-10_22-00-01_to_23-00-00.mp4,1987724997,yes
CH02,CH02_2026-07-10_23-00-00_to_00-00-00.mp4,1992545514,yes
CH02,CH02_2026-07-11_00-00-00_to_01-00-01.mp4,1977376697,yes
CH02,CH02_2026-07-11_01-00-01_to_02-00-01.mp4,1960113227,yes
CH02,CH02_2026-07-11_02-00-01_to_03-00-01.mp4,1982259129,yes
CH02,CH02_2026-07-11_03-00-01_to_04-00-00.mp4,1982206352,yes
CH02,CH02_2026-07-11_04-00-00_to_05-00-00.mp4,2016620563,yes
CH02,CH02_2026-07-11_05-00-00_to_06-00-03.mp4,2112726895,yes
CH02,CH02_2026-07-11_06-00-03_to_07-00-57.mp4,732849265,yes
CH02,CH02_2026-07-11_07-00-57_to_08-03-16.mp4,756350427,yes
CH02,CH02_2026-07-11_08-03-16_to_09-01-12.mp4,1086659262,yes
CH02,CH02_2026-07-11_09-01-12_to_10-00-13.mp4,1508787864,yes
CH02,CH02_2026-07-11_10-00-13_to_11-00-07.mp4,2531366081,yes
CH02,CH02_2026-07-11_11-00-07_to_12-00-07.mp4,2948060566,yes
CH02,CH02_2026-07-11_12-00-07_to_13-00-00.mp4,2969009250,yes
CH02,CH02_2026-07-11_13-00-00_to_14-00-00.mp4,2822857403,yes
CH02,CH02_2026-07-11_14-00-00_to_15-00-00.mp4,3729158339,yes
CH02,CH02_2026-07-11_15-00-00_to_16-00-01.mp4,3792498277,yes
CH02,CH02_2026-07-11_16-00-01_to_17-00-01.mp4,3786495276,yes
CH02,CH02_2026-07-11_17-00-01_to_18-00-00.mp4,3783277123,yes
CH02,CH02_2026-07-11_18-00-00_to_19-00-01.mp4,3781148029,yes
CH02,CH02_2026-07-11_19-00-01_to_20-00-01.mp4,3774893256,yes
CH02,CH02_2026-07-11_20-00-01_to_21-00-01.mp4,3777501863,yes
CH02,CH02_2026-07-11_21-00-01_to_22-00-00.mp4,1692263693,yes
CH02,CH02_2026-07-11_22-00-00_to_23-00-00.mp4,1534464550,yes
CH02,CH02_2026-07-11_23-00-00_to_00-00-00.mp4,1535892983,yes
CH02,CH02_2026-07-12_00-00-00_to_01-00-01.mp4,1531968242,yes
CH02,CH02_2026-07-12_01-00-01_to_02-00-01.mp4,1536688134,yes
CH02,CH02_2026-07-12_02-00-01_to_03-00-00.mp4,1537571876,yes
CH02,CH02_2026-07-12_03-00-00_to_04-00-00.mp4,1515134600,yes
CH02,CH02_2026-07-12_04-00-00_to_05-00-01.mp4,1530470834,yes
CH02,CH02_2026-07-12_05-00-01_to_06-00-01.mp4,2898214847,yes
CH02,CH02_2026-07-12_06-00-01_to_07-00-00.mp4,3769475835,yes
CH02,CH02_2026-07-12_07-00-00_to_08-00-00.mp4,3775335092,yes
CH02,CH02_2026-07-12_08-00-00_to_09-00-00.mp4,3762756838,yes
CH02,CH02_2026-07-12_09-00-00_to_10-00-01.mp4,3750797043,yes
CH02,CH02_2026-07-12_10-00-01_to_11-00-01.mp4,3767643899,yes
CH02,CH02_2026-07-12_11-00-01_to_12-00-00.mp4,3778249663,yes
CH02,CH02_2026-07-12_12-00-00_to_13-00-00.mp4,3782819173,yes
CH02,CH02_2026-07-12_13-00-00_to_13-12-21.mp4,365166620,yes
CH02,CH02_2026-07-12_13-12-21_to_14-01-30.mp4,2797864786,yes
CH02,CH02_2026-07-12_14-01-30_to_14-07-22.mp4,4194332,yes
CH02,CH02_2026-07-12_14-07-22_to_14-54-14.mp4,2458649317,yes
CH02,CH02_2026-07-12_14-54-14_to_15-00-00.mp4,341233592,yes
CH02,CH02_2026-07-12_15-00-00_to_15-05-50.mp4,12320796,yes
CH02,CH02_2026-07-12_15-05-50_to_15-15-10.mp4,215744540,yes
CH02,CH02_2026-07-12_15-15-10.mp4,1635255440,NO
CH03,CH03_2026-06-25_16-04-50.mp4,1360940675,NO
CH03,CH03_2026-06-25_17-00-27.mp4,89471336,NO
CH03,CH03_2026-06-27_00-00-01_to_01-00-00.mp4,1420534892,yes
CH03,CH03_2026-06-27_01-00-00_to_02-00-01.mp4,1426331477,yes
CH03,CH03_2026-06-27_02-00-01_to_03-00-00.mp4,1429771324,yes
CH03,CH03_2026-06-27_03-00-00_to_04-00-01.mp4,1431400275,yes
CH03,CH03_2026-06-27_04-00-01_to_05-00-00.mp4,1465682748,yes
CH03,CH03_2026-06-27_05-00-00_to_06-00-00.mp4,1510092372,yes
CH03,CH03_2026-06-27_06-00-00_to_07-00-01.mp4,1465363571,yes
CH03,CH03_2026-06-27_07-00-01_to_08-00-00.mp4,1542847111,yes
CH03,CH03_2026-06-27_08-00-00_to_09-00-01.mp4,1496031444,yes
CH03,CH03_2026-06-27_09-00-01_to_10-00-00.mp4,1528161549,yes
CH03,CH03_2026-06-27_10-00-00_to_11-00-01.mp4,1516776371,yes
CH03,CH03_2026-06-27_11-00-01_to_12-00-00.mp4,1515310034,yes
CH03,CH03_2026-06-27_12-00-00_to_13-00-00.mp4,1620276050,yes
CH03,CH03_2026-06-27_13-00-00_to_14-00-01.mp4,1605738214,yes
CH03,CH03_2026-06-27_14-00-01_to_15-00-00.mp4,1570897351,yes
CH03,CH03_2026-06-27_15-00-00_to_16-00-01.mp4,1555499204,yes
CH03,CH03_2026-06-27_16-00-01_to_17-00-00.mp4,1746419530,yes
CH03,CH03_2026-06-27_17-00-00_to_18-00-01.mp4,1735282309,yes
CH03,CH03_2026-06-27_18-00-01_to_19-00-00.mp4,1558425869,yes
CH03,CH03_2026-06-27_19-00-00_to_20-00-01.mp4,1466273553,yes
CH03,CH03_2026-06-27_20-00-01_to_21-00-01.mp4,1464382078,yes
CH03,CH03_2026-06-27_21-00-01_to_22-00-01.mp4,1493480762,yes
CH03,CH03_2026-06-27_22-00-01_to_23-00-01.mp4,1445620036,yes
CH03,CH03_2026-06-27_23-00-01_to_00-00-01.mp4,1505015415,yes
CH03,CH03_2026-06-28_00-00-01_to_01-00-00.mp4,1515282926,yes
CH03,CH03_2026-06-28_01-00-00.mp4,390032236,NO
CH03,CH03_2026-06-28_01-16-18.mp4,14100487,NO
CH03,CH03_2026-06-28_01-18-22_to_02-00-01.mp4,1058356529,yes
CH03,CH03_2026-06-28_02-00-01_to_03-00-00.mp4,1515329967,yes
CH03,CH03_2026-06-28_03-00-00_to_03-05-04.mp4,557824,yes
CH03,CH03_2026-06-28_03-05-04_to_04-00-00.mp4,1798743420,yes
CH03,CH03_2026-06-28_04-00-00_to_05-00-01.mp4,1970460552,yes
CH03,CH03_2026-06-28_05-00-01_to_06-00-00.mp4,1976638687,yes
CH03,CH03_2026-06-28_06-00-00_to_07-00-01.mp4,1982299525,yes
CH03,CH03_2026-06-28_07-00-01_to_08-00-00.mp4,2009154434,yes
CH03,CH03_2026-06-28_08-00-00_to_09-00-01.mp4,1989327838,yes
CH03,CH03_2026-06-28_09-00-01_to_10-00-00.mp4,1997773612,yes
CH03,CH03_2026-06-28_10-00-00_to_11-00-01.mp4,1863978816,yes
CH03,CH03_2026-06-28_11-00-01_to_12-00-01.mp4,2015266284,yes
CH03,CH03_2026-06-28_12-00-01_to_13-00-01.mp4,1596657867,yes
CH03,CH03_2026-06-28_13-00-01_to_14-00-01.mp4,1753002595,yes
CH03,CH03_2026-06-28_14-00-01_to_15-00-00.mp4,1693291199,yes
CH03,CH03_2026-06-28_15-00-00_to_16-00-00.mp4,1765017411,yes
CH03,CH03_2026-06-28_16-00-00_to_17-00-01.mp4,1913949644,yes
CH03,CH03_2026-06-28_17-00-01_to_18-00-00.mp4,2526439678,yes
CH03,CH03_2026-06-28_18-00-00_to_19-00-00.mp4,1608419894,yes
CH03,CH03_2026-06-28_19-00-00_to_20-00-00.mp4,1725200606,yes
CH03,CH03_2026-06-28_20-00-00_to_21-00-01.mp4,1459000653,yes
CH03,CH03_2026-06-28_21-00-01_to_22-00-00.mp4,1536794299,yes
CH03,CH03_2026-06-28_22-00-00_to_23-00-01.mp4,1468678109,yes
CH03,CH03_2026-06-28_23-00-01_to_00-00-00.mp4,1491480858,yes
CH03,CH03_2026-06-29_00-00-00_to_01-00-00.mp4,1496125941,yes
CH03,CH03_2026-06-29_01-00-00_to_02-00-01.mp4,1462028030,yes
CH03,CH03_2026-06-29_02-00-01_to_03-00-00.mp4,1437223739,yes
CH03,CH03_2026-06-29_03-00-00_to_04-00-01.mp4,1466069061,yes
CH03,CH03_2026-06-29_04-00-01_to_05-00-00.mp4,1471407241,yes
CH03,CH03_2026-06-29_05-00-00_to_06-00-01.mp4,1478248665,yes
CH03,CH03_2026-06-29_06-00-01_to_07-00-01.mp4,1519878123,yes
CH03,CH03_2026-06-29_07-00-01_to_08-00-00.mp4,1590888667,yes
CH03,CH03_2026-06-29_08-00-00_to_09-00-00.mp4,1562201006,yes
CH03,CH03_2026-06-29_09-00-00_to_10-00-00.mp4,1542055050,yes
CH03,CH03_2026-06-29_10-00-00_to_11-00-00.mp4,1418803518,yes
CH03,CH03_2026-06-29_11-00-00_to_12-00-01.mp4,1451174597,yes
CH03,CH03_2026-06-29_12-00-01_to_13-00-00.mp4,1510511106,yes
CH03,CH03_2026-06-29_13-00-00_to_13-17-18.mp4,454010694,yes
CH03,CH03_2026-06-29_13-17-18_to_14-00-01.mp4,1047490732,yes
CH03,CH03_2026-06-29_14-00-01_to_15-00-00.mp4,1443789351,yes
CH03,CH03_2026-06-29_15-00-00.mp4,17301532,NO
CH03,CH03_2026-06-29_17-46-25_to_18-00-01.mp4,503700436,yes
CH03,CH03_2026-06-29_18-00-01_to_19-00-01.mp4,1933437486,yes
CH03,CH03_2026-06-29_19-00-01_to_20-00-01.mp4,1789380093,yes
CH03,CH03_2026-06-29_20-00-01_to_21-00-01.mp4,1672795926,yes
CH03,CH03_2026-06-29_21-00-01_to_22-00-01.mp4,2254535817,yes
CH03,CH03_2026-06-29_22-00-01_to_23-00-00.mp4,2120331288,yes
CH03,CH03_2026-06-29_23-00-00_to_00-00-01.mp4,2135337883,yes
CH03,CH03_2026-06-30_00-00-01_to_01-00-01.mp4,2190165140,yes
CH03,CH03_2026-06-30_01-00-01_to_02-00-00.mp4,2204288738,yes
CH03,CH03_2026-06-30_02-00-00_to_03-00-00.mp4,2208109095,yes
CH03,CH03_2026-06-30_03-00-00_to_04-00-01.mp4,2216905466,yes
CH03,CH03_2026-06-30_04-00-01_to_05-00-00.mp4,2214811431,yes
CH03,CH03_2026-06-30_05-00-00_to_06-00-01.mp4,1838879047,yes
CH03,CH03_2026-06-30_06-00-01_to_07-00-01.mp4,1891659888,yes
CH03,CH03_2026-06-30_07-00-01_to_08-00-00.mp4,2030365421,yes
CH03,CH03_2026-06-30_08-00-00_to_09-00-01.mp4,1956668656,yes
CH03,CH03_2026-06-30_09-00-01_to_09-35-29.mp4,785384786,yes
CH03,CH03_2026-06-30_09-35-29_to_09-40-50.mp4,11272220,yes
CH03,CH03_2026-06-30_09-40-50_to_09-46-08.mp4,11272220,yes
CH03,CH03_2026-06-30_09-46-08_to_10-00-00.mp4,384248868,yes
CH03,CH03_2026-06-30_10-00-00_to_11-00-01.mp4,1612877763,yes
CH03,CH03_2026-06-30_11-00-01_to_12-00-00.mp4,1891483061,yes
CH03,CH03_2026-06-30_12-00-00_to_13-00-01.mp4,2328997317,yes
CH03,CH03_2026-06-30_13-00-01_to_14-00-00.mp4,2616028172,yes
CH03,CH03_2026-06-30_14-00-00_to_15-00-01.mp4,2008505709,yes
CH03,CH03_2026-06-30_15-00-01_to_16-00-00.mp4,2049970346,yes
CH03,CH03_2026-06-30_16-00-00_to_17-00-01.mp4,2216610880,yes
CH03,CH03_2026-06-30_17-00-01_to_18-00-00.mp4,2144025190,yes
CH03,CH03_2026-06-30_18-00-00_to_19-00-01.mp4,2156417716,yes
CH03,CH03_2026-06-30_19-00-01_to_20-00-00.mp4,1907841812,yes
CH03,CH03_2026-06-30_20-00-00_to_21-00-01.mp4,1644638601,yes
CH03,CH03_2026-06-30_21-00-01_to_22-00-00.mp4,2485222769,yes
CH03,CH03_2026-06-30_22-00-00_to_23-00-01.mp4,2531117162,yes
CH03,CH03_2026-06-30_23-00-01_to_00-00-00.mp4,2437182183,yes
CH03,CH03_2026-07-01_00-00-00_to_01-00-01.mp4,2425682288,yes
CH03,CH03_2026-07-01_01-00-01_to_02-00-00.mp4,2425280149,yes
CH03,CH03_2026-07-01_02-00-00_to_03-00-01.mp4,2437527401,yes
CH03,CH03_2026-07-01_03-00-01_to_04-00-01.mp4,2477495792,yes
CH03,CH03_2026-07-01_04-00-01_to_05-00-00.mp4,2415210502,yes
CH03,CH03_2026-07-01_05-00-00_to_06-00-01.mp4,1970079179,yes
CH03,CH03_2026-07-01_06-00-01_to_07-00-00.mp4,1860371620,yes
CH03,CH03_2026-07-01_07-00-00_to_08-00-01.mp4,1873480001,yes
CH03,CH03_2026-07-01_08-00-01_to_09-00-00.mp4,1975840376,yes
CH03,CH03_2026-07-01_09-00-00_to_10-00-01.mp4,1971238672,yes
CH03,CH03_2026-07-01_10-00-01_to_11-00-00.mp4,1873622722,yes
CH03,CH03_2026-07-01_11-00-00_to_12-00-01.mp4,1971362291,yes
CH03,CH03_2026-07-01_12-00-01_to_13-00-00.mp4,2124775700,yes
CH03,CH03_2026-07-01_13-00-00_to_14-00-01.mp4,2049715584,yes
CH03,CH03_2026-07-01_14-00-01_to_15-00-00.mp4,1937372366,yes
CH03,CH03_2026-07-01_15-00-00_to_16-00-01.mp4,1985068359,yes
CH03,CH03_2026-07-01_16-00-01_to_17-00-00.mp4,2206935394,yes
CH03,CH03_2026-07-01_17-00-00_to_18-00-00.mp4,2327946145,yes
CH03,CH03_2026-07-01_18-00-00_to_19-00-01.mp4,1756867611,yes
CH03,CH03_2026-07-01_19-00-01_to_20-00-00.mp4,2174768165,yes
CH03,CH03_2026-07-01_20-00-00_to_21-00-01.mp4,1763398554,yes
CH03,CH03_2026-07-01_21-00-01_to_22-00-00.mp4,2392091452,yes
CH03,CH03_2026-07-01_22-00-00_to_23-00-01.mp4,2301554945,yes
CH03,CH03_2026-07-01_23-00-01_to_00-00-00.mp4,2410247259,yes
CH03,CH03_2026-07-02_00-00-00_to_01-00-00.mp4,2560580373,yes
CH03,CH03_2026-07-02_01-00-00_to_02-00-01.mp4,3187372855,yes
CH03,CH03_2026-07-02_02-00-01_to_03-00-00.mp4,2942238249,yes
CH03,CH03_2026-07-02_03-00-00_to_04-00-01.mp4,2825784600,yes
CH03,CH03_2026-07-02_04-00-01_to_05-00-00.mp4,2479329597,yes
CH03,CH03_2026-07-02_05-00-00_to_06-00-01.mp4,1907452431,yes
CH03,CH03_2026-07-02_06-00-01_to_07-00-01.mp4,1790480828,yes
CH03,CH03_2026-07-02_07-00-01_to_08-00-00.mp4,1847080079,yes
CH03,CH03_2026-07-02_08-00-00_to_09-00-01.mp4,1992986293,yes
CH03,CH03_2026-07-02_09-00-01_to_10-00-01.mp4,2031241721,yes
CH03,CH03_2026-07-02_10-00-01_to_11-00-00.mp4,1911269114,yes
CH03,CH03_2026-07-02_11-00-00_to_12-00-00.mp4,1845875886,yes
CH03,CH03_2026-07-02_12-00-00_to_13-00-01.mp4,2465544915,yes
CH03,CH03_2026-07-02_13-00-01_to_14-00-01.mp4,2421267544,yes
CH03,CH03_2026-07-02_14-00-01_to_15-00-00.mp4,2260190704,yes
CH03,CH03_2026-07-02_15-00-00_to_16-00-01.mp4,2149800481,yes
CH03,CH03_2026-07-02_16-00-01_to_17-00-02.mp4,2550143926,yes
CH03,CH03_2026-07-02_17-00-02_to_18-00-01.mp4,2790147450,yes
CH03,CH03_2026-07-02_18-00-01_to_19-00-01.mp4,2309673949,yes
CH03,CH03_2026-07-02_19-00-01_to_20-00-00.mp4,2149108234,yes
CH03,CH03_2026-07-02_20-00-00_to_21-00-01.mp4,1759373066,yes
CH03,CH03_2026-07-02_21-00-01_to_22-00-00.mp4,2211953151,yes
CH03,CH03_2026-07-02_22-00-00_to_23-00-00.mp4,2124032172,yes
CH03,CH03_2026-07-02_23-00-00_to_00-02-31.mp4,2041215362,yes
CH03,CH03_2026-07-03_00-02-31_to_00-07-41.mp4,16206966,yes
CH03,CH03_2026-07-03_00-07-41_to_00-12-35.mp4,1354,yes
CH03,CH03_2026-07-03_00-12-35_to_01-00-01.mp4,2330292210,yes
CH03,CH03_2026-07-03_01-00-01_to_02-00-00.mp4,2951581300,yes
CH03,CH03_2026-07-03_02-00-00_to_03-00-01.mp4,2959527039,yes
CH03,CH03_2026-07-03_03-00-01_to_04-00-00.mp4,2952129874,yes
CH03,CH03_2026-07-03_04-00-00_to_05-00-01.mp4,2970043995,yes
CH03,CH03_2026-07-03_05-00-01_to_06-00-00.mp4,2845721718,yes
CH03,CH03_2026-07-03_06-00-00_to_07-00-00.mp4,2861924139,yes
CH03,CH03_2026-07-03_07-00-00_to_08-00-00.mp4,2871484842,yes
CH03,CH03_2026-07-03_08-00-00_to_09-00-01.mp4,2811429115,yes
CH03,CH03_2026-07-03_09-00-01_to_10-00-00.mp4,2362543701,yes
CH03,CH03_2026-07-03_10-00-00_to_11-00-01.mp4,1904324178,yes
CH03,CH03_2026-07-03_11-00-01_to_12-00-01.mp4,1978851674,yes
CH03,CH03_2026-07-03_12-00-01_to_13-00-00.mp4,2273275200,yes
CH03,CH03_2026-07-03_13-00-00_to_14-16-48.mp4,1991327678,yes
CH03,CH03_2026-07-03_14-16-48_to_14-31-17.mp4,3786693,yes
CH03,CH03_2026-07-03_14-31-17_to_15-00-01.mp4,954508546,yes
CH03,CH03_2026-07-03_15-00-01_to_16-00-01.mp4,2032646552,yes
CH03,CH03_2026-07-03_16-00-01_to_17-00-00.mp4,2386031630,yes
CH03,CH03_2026-07-03_17-00-00_to_18-00-01.mp4,2466249502,yes
CH03,CH03_2026-07-03_18-00-01_to_19-00-00.mp4,2309254098,yes
CH03,CH03_2026-07-03_19-00-00_to_20-00-01.mp4,2203512300,yes
CH03,CH03_2026-07-03_20-00-01_to_21-00-00.mp4,1930481965,yes
CH03,CH03_2026-07-03_21-00-00_to_22-00-01.mp4,2345746594,yes
CH03,CH03_2026-07-03_22-00-01_to_23-00-00.mp4,2224081279,yes
CH03,CH03_2026-07-03_23-00-00_to_00-00-00.mp4,2226052318,yes
CH03,CH03_2026-07-04_00-00-00_to_01-00-01.mp4,2222321844,yes
CH03,CH03_2026-07-04_01-00-01_to_02-00-00.mp4,2393065604,yes
CH03,CH03_2026-07-04_02-00-00_to_03-00-01.mp4,2382276013,yes
CH03,CH03_2026-07-04_03-00-01_to_04-00-00.mp4,2380157230,yes
CH03,CH03_2026-07-04_04-00-00_to_05-00-01.mp4,2359495745,yes
CH03,CH03_2026-07-04_05-00-01_to_06-00-00.mp4,2044515112,yes
CH03,CH03_2026-07-04_06-00-00_to_07-00-01.mp4,1986652734,yes
CH03,CH03_2026-07-04_07-00-01_to_08-00-01.mp4,2077174644,yes
CH03,CH03_2026-07-04_08-00-01_to_09-00-00.mp4,1990909968,yes
CH03,CH03_2026-07-04_09-00-00_to_10-00-01.mp4,2315611222,yes
CH03,CH03_2026-07-04_10-00-01_to_11-00-01.mp4,2632585405,yes
CH03,CH03_2026-07-04_11-00-01_to_12-00-00.mp4,2279583197,yes
CH03,CH03_2026-07-04_12-00-00_to_13-00-01.mp4,2374013395,yes
CH03,CH03_2026-07-04_13-00-01_to_14-00-01.mp4,2169208227,yes
CH03,CH03_2026-07-04_14-00-01_to_15-00-00.mp4,1849216549,yes
CH03,CH03_2026-07-04_15-00-00_to_16-00-01.mp4,1999473542,yes
CH03,CH03_2026-07-04_16-00-01_to_17-00-00.mp4,2632917479,yes
CH03,CH03_2026-07-04_17-00-00_to_18-00-01.mp4,2617391310,yes
CH03,CH03_2026-07-04_18-00-01_to_19-00-00.mp4,2032744802,yes
CH03,CH03_2026-07-04_19-00-00_to_20-00-00.mp4,2074156028,yes
CH03,CH03_2026-07-04_20-00-00_to_21-00-01.mp4,1859664540,yes
CH03,CH03_2026-07-04_21-00-01_to_22-00-00.mp4,2203641436,yes
CH03,CH03_2026-07-04_22-00-00_to_23-00-01.mp4,2109934287,yes
CH03,CH03_2026-07-04_23-00-01_to_00-00-00.mp4,2190001520,yes
CH03,CH03_2026-07-05_00-00-00_to_01-00-01.mp4,2197825726,yes
CH03,CH03_2026-07-05_01-00-01_to_02-00-00.mp4,2212818262,yes
CH03,CH03_2026-07-05_02-00-00_to_03-00-00.mp4,2230545836,yes
CH03,CH03_2026-07-05_03-00-00_to_04-00-01.mp4,2408652521,yes
CH03,CH03_2026-07-05_04-00-01_to_05-00-00.mp4,2516319667,yes
CH03,CH03_2026-07-05_05-00-00_to_06-00-01.mp4,1941550007,yes
CH03,CH03_2026-07-05_06-00-01_to_07-00-00.mp4,1807345125,yes
CH03,CH03_2026-07-05_07-00-00_to_08-00-01.mp4,1937381946,yes
CH03,CH03_2026-07-05_08-00-01_to_09-00-00.mp4,1849004767,yes
CH03,CH03_2026-07-05_09-00-00_to_10-00-00.mp4,1757300709,yes
CH03,CH03_2026-07-05_10-00-00_to_11-00-01.mp4,1718075734,yes
CH03,CH03_2026-07-05_11-00-01_to_12-00-00.mp4,1731537407,yes
CH03,CH03_2026-07-05_12-00-00_to_12-06-41.mp4,11796508,yes
CH03,CH03_2026-07-05_12-06-41_to_12-15-08.mp4,11534364,yes
CH03,CH03_2026-07-05_12-15-08_to_12-36-01.mp4,443023388,yes
CH03,CH03_2026-07-05_12-36-01_to_13-00-01.mp4,730848467,yes
CH03,CH03_2026-07-05_13-00-01_to_14-00-00.mp4,1830805485,yes
CH03,CH03_2026-07-05_14-00-00_to_14-05-04.mp4,937191,yes
CH03,CH03_2026-07-05_14-05-04_to_15-00-00.mp4,1672538514,yes
CH03,CH03_2026-07-05_15-00-00_to_16-00-01.mp4,1970177551,yes
CH03,CH03_2026-07-05_16-00-01_to_17-00-00.mp4,1736692561,yes
CH03,CH03_2026-07-05_17-00-00_to_18-00-01.mp4,1729529525,yes
CH03,CH03_2026-07-05_18-00-01_to_19-00-00.mp4,2182270574,yes
CH03,CH03_2026-07-05_19-00-00_to_20-00-00.mp4,1688479246,yes
CH03,CH03_2026-07-05_20-00-00_to_21-00-01.mp4,1765545444,yes
CH03,CH03_2026-07-05_21-00-01_to_22-00-00.mp4,2390336273,yes
CH03,CH03_2026-07-05_22-00-00_to_23-00-01.mp4,2320308270,yes
CH03,CH03_2026-07-05_23-00-01_to_00-00-00.mp4,2396130812,yes
CH03,CH03_2026-07-06_00-00-00_to_01-00-01.mp4,2321849591,yes
CH03,CH03_2026-07-06_01-00-01_to_02-00-02.mp4,2644205329,yes
CH03,CH03_2026-07-06_02-00-02_to_03-00-00.mp4,2995432673,yes
CH03,CH03_2026-07-06_03-00-00_to_04-00-01.mp4,2452238935,yes
CH03,CH03_2026-07-06_04-00-01_to_05-00-00.mp4,2396977093,yes
CH03,CH03_2026-07-06_05-00-00_to_06-00-01.mp4,2108711306,yes
CH03,CH03_2026-07-06_06-00-01_to_07-00-00.mp4,1836646822,yes
CH03,CH03_2026-07-06_07-00-00_to_08-00-01.mp4,1963100208,yes
CH03,CH03_2026-07-06_08-00-01_to_09-00-00.mp4,2019243861,yes
CH03,CH03_2026-07-06_09-00-00_to_10-00-00.mp4,2004901833,yes
CH03,CH03_2026-07-06_10-00-00_to_11-00-01.mp4,2131080849,yes
CH03,CH03_2026-07-06_11-00-01_to_12-00-00.mp4,2095579580,yes
CH03,CH03_2026-07-06_12-00-00_to_13-00-01.mp4,2043602791,yes
CH03,CH03_2026-07-06_13-00-01_to_14-00-00.mp4,1870746222,yes
CH03,CH03_2026-07-06_14-00-00_to_15-00-01.mp4,1908871275,yes
CH03,CH03_2026-07-06_15-00-01_to_16-00-00.mp4,1825730108,yes
CH03,CH03_2026-07-06_16-00-00_to_17-00-00.mp4,1925741898,yes
CH03,CH03_2026-07-06_17-00-00_to_18-00-01.mp4,2029442136,yes
CH03,CH03_2026-07-06_18-00-01_to_19-00-00.mp4,1973773465,yes
CH03,CH03_2026-07-06_19-00-00_to_20-00-01.mp4,1772774911,yes
CH03,CH03_2026-07-06_20-00-01_to_21-00-00.mp4,1734951510,yes
CH03,CH03_2026-07-06_21-00-00_to_22-00-01.mp4,3214259772,yes
CH03,CH03_2026-07-06_22-00-01_to_23-00-00.mp4,3219520634,yes
CH03,CH03_2026-07-06_23-00-00_to_00-00-00.mp4,3009916001,yes
CH03,CH03_2026-07-07_00-00-00_to_01-00-01.mp4,2746850926,yes
CH03,CH03_2026-07-07_01-00-01_to_02-00-00.mp4,2767660632,yes
CH03,CH03_2026-07-07_02-00-00_to_03-00-01.mp4,2500924762,yes
CH03,CH03_2026-07-07_03-00-01_to_04-00-00.mp4,2460484340,yes
CH03,CH03_2026-07-07_04-00-00_to_05-00-01.mp4,2416386336,yes
CH03,CH03_2026-07-07_05-00-01_to_06-00-00.mp4,2267332512,yes
CH03,CH03_2026-07-07_06-00-00_to_07-00-01.mp4,1842601730,yes
CH03,CH03_2026-07-07_07-00-01_to_08-00-00.mp4,1825439048,yes
CH03,CH03_2026-07-07_08-00-00_to_09-00-01.mp4,1867956807,yes
CH03,CH03_2026-07-07_09-00-01_to_10-00-01.mp4,1879380624,yes
CH03,CH03_2026-07-07_10-00-01_to_11-00-00.mp4,1914586589,yes
CH03,CH03_2026-07-07_11-00-00_to_12-00-01.mp4,1880792547,yes
CH03,CH03_2026-07-07_12-00-01_to_13-00-01.mp4,2159296285,yes
CH03,CH03_2026-07-07_13-00-01_to_14-00-00.mp4,2207687051,yes
CH03,CH03_2026-07-07_14-00-00_to_15-00-01.mp4,2272152488,yes
CH03,CH03_2026-07-07_15-00-01_to_16-00-00.mp4,2166787730,yes
CH03,CH03_2026-07-07_16-00-00_to_17-00-01.mp4,1849680431,yes
CH03,CH03_2026-07-07_17-00-01_to_18-00-01.mp4,2271406198,yes
CH03,CH03_2026-07-07_18-00-01_to_19-00-00.mp4,2248568304,yes
CH03,CH03_2026-07-07_19-00-00_to_20-00-00.mp4,1775630090,yes
CH03,CH03_2026-07-07_20-00-00_to_21-00-01.mp4,1865491193,yes
CH03,CH03_2026-07-07_21-00-01_to_22-00-00.mp4,2648315505,yes
CH03,CH03_2026-07-07_22-00-00_to_23-00-01.mp4,2815139944,yes
CH03,CH03_2026-07-07_23-00-01_to_00-00-00.mp4,2785157316,yes
CH03,CH03_2026-07-08_00-00-00_to_01-00-01.mp4,2850800901,yes
CH03,CH03_2026-07-08_01-00-01_to_02-00-00.mp4,2710472324,yes
CH03,CH03_2026-07-08_02-00-00_to_03-00-00.mp4,2940734753,yes
CH03,CH03_2026-07-08_03-00-00_to_04-00-01.mp4,2851952648,yes
CH03,CH03_2026-07-08_04-00-01_to_05-00-00.mp4,2911514079,yes
CH03,CH03_2026-07-08_05-00-00_to_06-00-01.mp4,2202958396,yes
CH03,CH03_2026-07-08_06-00-01_to_07-00-00.mp4,1955332499,yes
CH03,CH03_2026-07-08_07-00-00_to_08-00-01.mp4,2064638917,yes
CH03,CH03_2026-07-08_08-00-01_to_09-00-00.mp4,2583352848,yes
CH03,CH03_2026-07-08_09-00-00_to_10-00-00.mp4,2561585634,yes
CH03,CH03_2026-07-08_10-00-00_to_11-00-01.mp4,2408209327,yes
CH03,CH03_2026-07-08_11-00-01_to_12-00-00.mp4,2480837484,yes
CH03,CH03_2026-07-08_12-00-00_to_13-00-01.mp4,2607361572,yes
CH03,CH03_2026-07-08_13-00-01_to_14-00-00.mp4,2654992313,yes
CH03,CH03_2026-07-08_14-00-00_to_15-00-01.mp4,2398840616,yes
CH03,CH03_2026-07-08_15-00-01_to_16-00-00.mp4,2341360067,yes
CH03,CH03_2026-07-08_16-00-00_to_17-00-01.mp4,2904265743,yes
CH03,CH03_2026-07-08_17-00-01_to_18-00-00.mp4,2790857384,yes
CH03,CH03_2026-07-08_18-00-00_to_19-00-00.mp4,2082818665,yes
CH03,CH03_2026-07-08_19-00-00_to_20-00-01.mp4,1995394844,yes
CH03,CH03_2026-07-08_20-00-01_to_21-00-00.mp4,1801472776,yes
CH03,CH03_2026-07-08_21-00-00_to_22-00-01.mp4,2301973177,yes
CH03,CH03_2026-07-08_22-00-01_to_23-00-00.mp4,2246667369,yes
CH03,CH03_2026-07-08_23-00-00_to_00-00-01.mp4,2251843639,yes
CH03,CH03_2026-07-09_00-00-01_to_01-00-01.mp4,2256878997,yes
CH03,CH03_2026-07-09_01-00-01_to_02-00-00.mp4,2250864774,yes
CH03,CH03_2026-07-09_02-00-00_to_03-00-01.mp4,2251663138,yes
CH03,CH03_2026-07-09_03-00-01_to_04-00-01.mp4,2275554518,yes
CH03,CH03_2026-07-09_04-00-01_to_05-00-00.mp4,2375899833,yes
CH03,CH03_2026-07-09_05-00-00_to_06-00-01.mp4,1986476650,yes
CH03,CH03_2026-07-09_06-00-01_to_07-00-00.mp4,1904240821,yes
CH03,CH03_2026-07-09_07-00-00_to_08-00-01.mp4,2178190377,yes
CH03,CH03_2026-07-09_08-00-01_to_09-00-00.mp4,2508275041,yes
CH03,CH03_2026-07-09_09-00-00_to_10-00-00.mp4,2406901463,yes
CH03,CH03_2026-07-09_10-00-00_to_11-00-00.mp4,2280296211,yes
CH03,CH03_2026-07-09_11-00-00_to_12-00-01.mp4,2320980454,yes
CH03,CH03_2026-07-09_12-00-01_to_13-00-00.mp4,2792242228,yes
CH03,CH03_2026-07-09_13-00-00_to_14-00-00.mp4,2817373188,yes
CH03,CH03_2026-07-09_14-00-00_to_15-00-01.mp4,2507962661,yes
CH03,CH03_2026-07-09_15-00-01_to_16-00-00.mp4,2223929434,yes
CH03,CH03_2026-07-09_16-00-00_to_17-00-01.mp4,2845206947,yes
CH03,CH03_2026-07-09_17-00-01_to_18-00-00.mp4,2918739943,yes
CH03,CH03_2026-07-09_18-00-00_to_18-31-46.mp4,1028129621,yes
CH03,CH03_2026-07-09_18-31-46_to_18-37-27.mp4,5505052,yes
CH03,CH03_2026-07-09_18-37-27_to_19-00-01.mp4,691451194,yes
CH03,CH03_2026-07-09_19-00-01_to_20-00-00.mp4,2039251964,yes
CH03,CH03_2026-07-09_20-00-00_to_21-00-00.mp4,2364180951,yes
CH03,CH03_2026-07-09_21-00-00_to_22-00-01.mp4,2247917369,yes
CH03,CH03_2026-07-09_22-00-01_to_23-00-00.mp4,2350206143,yes
CH03,CH03_2026-07-09_23-00-00_to_00-00-01.mp4,2348508202,yes
CH03,CH03_2026-07-10_00-00-01_to_01-00-00.mp4,2453757510,yes
CH03,CH03_2026-07-10_01-00-00_to_02-00-01.mp4,2372729062,yes
CH03,CH03_2026-07-10_02-00-01_to_03-00-01.mp4,2377967102,yes
CH03,CH03_2026-07-10_03-00-01_to_03-36-04.mp4,1157629076,yes
CH03,CH03_2026-07-10_03-36-04_to_04-00-00.mp4,934775407,yes
CH03,CH03_2026-07-10_04-00-00_to_05-00-01.mp4,2297843357,yes
CH03,CH03_2026-07-10_05-00-01_to_06-00-00.mp4,1881361685,yes
CH03,CH03_2026-07-10_06-00-00_to_06-05-27.mp4,7078005,yes
CH03,CH03_2026-07-10_06-05-27_to_07-00-01.mp4,1622677301,yes
CH03,CH03_2026-07-10_07-00-01_to_07-33-23.mp4,783549060,yes
CH03,CH03_2026-07-10_07-33-23_to_07-45-42.mp4,168820764,yes
CH03,CH03_2026-07-10_07-45-42_to_08-00-00.mp4,418691602,yes
CH03,CH03_2026-07-10_08-00-00_to_08-09-23.mp4,7340060,yes
CH03,CH03_2026-07-10_08-09-23_to_09-00-01.mp4,1507045324,yes
CH03,CH03_2026-07-10_09-00-01_to_10-00-01.mp4,2018002917,yes
CH03,CH03_2026-07-10_10-00-01_to_11-00-00.mp4,2083527519,yes
CH03,CH03_2026-07-10_11-00-00_to_12-00-01.mp4,2085752294,yes
CH03,CH03_2026-07-10_12-00-01_to_13-00-00.mp4,2417136069,yes
CH03,CH03_2026-07-10_13-00-00_to_14-00-01.mp4,2708777379,yes
CH03,CH03_2026-07-10_14-00-01_to_15-00-00.mp4,2542760175,yes
CH03,CH03_2026-07-10_15-00-00_to_16-00-01.mp4,2438514192,yes
CH03,CH03_2026-07-10_16-00-01_to_17-00-00.mp4,3136504509,yes
CH03,CH03_2026-07-10_17-00-00_to_18-00-00.mp4,2979136444,yes
CH03,CH03_2026-07-10_18-00-00_to_19-00-01.mp4,2660159694,yes
CH03,CH03_2026-07-10_19-00-01_to_20-00-00.mp4,2094966623,yes
CH03,CH03_2026-07-10_20-00-00_to_21-00-01.mp4,1920343318,yes
CH03,CH03_2026-07-10_21-00-01_to_22-00-00.mp4,2193000522,yes
CH03,CH03_2026-07-10_22-00-00_to_23-00-01.mp4,2265691508,yes
CH03,CH03_2026-07-10_23-00-01_to_00-00-01.mp4,2288569682,yes
CH03,CH03_2026-07-11_00-00-01_to_01-00-00.mp4,2246302794,yes
CH03,CH03_2026-07-11_01-00-00_to_02-00-01.mp4,2250187908,yes
CH03,CH03_2026-07-11_02-00-01_to_03-00-00.mp4,2252667591,yes
CH03,CH03_2026-07-11_03-00-00_to_04-00-01.mp4,2262469870,yes
CH03,CH03_2026-07-11_04-00-01_to_05-00-00.mp4,2390895850,yes
CH03,CH03_2026-07-11_05-00-00_to_06-00-01.mp4,1896869331,yes
CH03,CH03_2026-07-11_06-00-01_to_07-00-01.mp4,2000605433,yes
CH03,CH03_2026-07-11_07-00-01_to_08-00-00.mp4,2160733037,yes
CH03,CH03_2026-07-11_08-00-00_to_09-00-01.mp4,2529337750,yes
CH03,CH03_2026-07-11_09-00-01_to_10-00-00.mp4,2507621462,yes
CH03,CH03_2026-07-11_10-00-00_to_11-00-01.mp4,2451626788,yes
CH03,CH03_2026-07-11_11-00-01_to_12-00-00.mp4,2402695480,yes
CH03,CH03_2026-07-11_12-00-00_to_13-00-01.mp4,2509065557,yes
CH03,CH03_2026-07-11_13-00-01_to_14-00-01.mp4,2563530529,yes
CH03,CH03_2026-07-11_14-00-01_to_15-00-00.mp4,2520172152,yes
CH03,CH03_2026-07-11_15-00-00_to_16-00-01.mp4,2930003102,yes
CH03,CH03_2026-07-11_16-00-01_to_17-00-00.mp4,3134857300,yes
CH03,CH03_2026-07-11_17-00-00_to_18-00-01.mp4,3097532584,yes
CH03,CH03_2026-07-11_18-00-01_to_19-00-00.mp4,2660926679,yes
CH03,CH03_2026-07-11_19-00-00_to_20-00-01.mp4,2202209839,yes
CH03,CH03_2026-07-11_20-00-01_to_21-00-00.mp4,1949783743,yes
CH03,CH03_2026-07-11_21-00-00_to_22-00-00.mp4,2142188759,yes
CH03,CH03_2026-07-11_22-00-00_to_23-00-01.mp4,2238425154,yes
CH03,CH03_2026-07-11_23-00-01_to_00-00-00.mp4,2220435476,yes
CH03,CH03_2026-07-12_00-00-00_to_01-00-01.mp4,2235738736,yes
CH03,CH03_2026-07-12_01-00-01_to_02-00-00.mp4,2246158780,yes
CH03,CH03_2026-07-12_02-00-00_to_03-00-01.mp4,2248531876,yes
CH03,CH03_2026-07-12_03-00-01_to_04-00-00.mp4,2248564399,yes
CH03,CH03_2026-07-12_04-00-00_to_05-00-00.mp4,2277570341,yes
CH03,CH03_2026-07-12_05-00-00_to_06-00-01.mp4,1949925483,yes
CH03,CH03_2026-07-12_06-00-01_to_07-00-01.mp4,2036997604,yes
CH03,CH03_2026-07-12_07-00-01_to_08-00-00.mp4,2211050462,yes
CH03,CH03_2026-07-12_08-00-00_to_09-00-00.mp4,2454276099,yes
CH03,CH03_2026-07-12_09-00-00_to_10-00-01.mp4,2445270553,yes
CH03,CH03_2026-07-12_10-00-01_to_11-00-00.mp4,2340431566,yes
CH03,CH03_2026-07-12_11-00-00_to_12-00-01.mp4,2238035982,yes
CH03,CH03_2026-07-12_12-00-01_to_13-00-01.mp4,2455146826,yes
CH03,CH03_2026-07-12_13-00-01_to_14-00-00.mp4,2719881892,yes
CH03,CH03_2026-07-12_14-00-00_to_14-01-49.mp4,1316580,yes
CH03,CH03_2026-07-12_14-01-49_to_14-08-30.mp4,5242908,yes
CH03,CH03_2026-07-12_14-08-30_to_15-00-01.mp4,2196514905,yes
CH03,CH03_2026-07-12_15-00-01.mp4,1890058320,NO
CH04,CH04_2026-06-25_16-04-51.mp4,1854908329,NO
CH04,CH04_2026-06-25_17-00-29.mp4,119279229,NO
CH04,CH04_2026-06-27_00-00-01_to_01-00-01.mp4,2929603578,yes
CH04,CH04_2026-06-27_01-00-01_to_02-00-00.mp4,2934218649,yes
CH04,CH04_2026-06-27_02-00-00_to_03-00-01.mp4,3117349937,yes
CH04,CH04_2026-06-27_03-00-01_to_04-00-00.mp4,3116750085,yes
CH04,CH04_2026-06-27_04-00-00_to_05-00-01.mp4,3247793690,yes
CH04,CH04_2026-06-27_05-00-01_to_06-00-00.mp4,2314385599,yes
CH04,CH04_2026-06-27_06-00-00_to_07-00-01.mp4,2150723874,yes
CH04,CH04_2026-06-27_07-00-01_to_08-00-01.mp4,2195100059,yes
CH04,CH04_2026-06-27_08-00-01_to_09-00-00.mp4,2038422124,yes
CH04,CH04_2026-06-27_09-00-00_to_10-00-01.mp4,2442816425,yes
CH04,CH04_2026-06-27_10-00-01_to_11-00-00.mp4,2449321384,yes
CH04,CH04_2026-06-27_11-00-00_to_12-00-01.mp4,2193943156,yes
CH04,CH04_2026-06-27_12-00-01_to_13-00-00.mp4,2593042428,yes
CH04,CH04_2026-06-27_13-00-00_to_14-00-01.mp4,2511377304,yes
CH04,CH04_2026-06-27_14-00-01_to_15-00-00.mp4,2155695576,yes
CH04,CH04_2026-06-27_15-00-00_to_16-00-00.mp4,2128300681,yes
CH04,CH04_2026-06-27_16-00-00_to_17-00-01.mp4,2207287347,yes
CH04,CH04_2026-06-27_17-00-01_to_18-00-00.mp4,2007097881,yes
CH04,CH04_2026-06-27_18-00-00_to_19-00-01.mp4,1966733341,yes
CH04,CH04_2026-06-27_19-00-01_to_20-00-00.mp4,1680058825,yes
CH04,CH04_2026-06-27_20-00-00_to_21-00-01.mp4,1461761151,yes
CH04,CH04_2026-06-27_21-00-01_to_22-00-01.mp4,2531721023,yes
CH04,CH04_2026-06-27_22-00-01_to_23-00-01.mp4,2766704361,yes
CH04,CH04_2026-06-27_23-00-01_to_00-00-01.mp4,2937843512,yes
CH04,CH04_2026-06-28_00-00-01_to_01-00-00.mp4,3178215868,yes
CH04,CH04_2026-06-28_01-00-00.mp4,841058478,NO
CH04,CH04_2026-06-28_01-16-20.mp4,27795695,NO
CH04,CH04_2026-06-28_01-18-24_to_02-00-01.mp4,2272179828,yes
CH04,CH04_2026-06-28_02-00-01_to_03-00-00.mp4,2959032700,yes
CH04,CH04_2026-06-28_03-00-00_to_03-01-09.mp4,886539,yes
CH04,CH04_2026-06-28_03-01-09_to_04-00-01.mp4,3635512501,yes
CH04,CH04_2026-06-28_04-00-01_to_05-00-00.mp4,3565414130,yes
CH04,CH04_2026-06-28_05-00-00_to_06-00-01.mp4,3305389163,yes
CH04,CH04_2026-06-28_06-00-01_to_07-00-01.mp4,3231074860,yes
CH04,CH04_2026-06-28_07-00-01_to_08-00-00.mp4,3113412164,yes
CH04,CH04_2026-06-28_08-00-00_to_09-00-01.mp4,3279130490,yes
CH04,CH04_2026-06-28_09-00-01_to_10-00-00.mp4,3332215487,yes
CH04,CH04_2026-06-28_10-00-00_to_11-00-01.mp4,3203657853,yes
CH04,CH04_2026-06-28_11-00-01_to_12-00-00.mp4,2742807557,yes
CH04,CH04_2026-06-28_12-00-00_to_13-00-01.mp4,2234015118,yes
CH04,CH04_2026-06-28_13-00-01_to_14-00-00.mp4,2407386422,yes
CH04,CH04_2026-06-28_14-00-00_to_15-00-00.mp4,1914907059,yes
CH04,CH04_2026-06-28_15-00-00_to_16-00-00.mp4,1929993141,yes
CH04,CH04_2026-06-28_16-00-00_to_17-00-01.mp4,2230829112,yes
CH04,CH04_2026-06-28_17-00-01_to_18-00-00.mp4,2353515298,yes
CH04,CH04_2026-06-28_18-00-00_to_19-00-01.mp4,2062078156,yes
CH04,CH04_2026-06-28_19-00-01_to_20-00-01.mp4,1788194631,yes
CH04,CH04_2026-06-28_20-00-01_to_21-00-01.mp4,1586603017,yes
CH04,CH04_2026-06-28_21-00-01_to_22-00-01.mp4,2645687830,yes
CH04,CH04_2026-06-28_22-00-01_to_23-00-00.mp4,2723050497,yes
CH04,CH04_2026-06-28_23-00-00_to_00-00-00.mp4,2743143087,yes
CH04,CH04_2026-06-29_00-00-00_to_01-00-01.mp4,2681075021,yes
CH04,CH04_2026-06-29_01-00-01_to_02-00-01.mp4,2696525983,yes
CH04,CH04_2026-06-29_02-00-01_to_03-00-00.mp4,2701017465,yes
CH04,CH04_2026-06-29_03-00-00_to_04-00-01.mp4,2687743229,yes
CH04,CH04_2026-06-29_04-00-01_to_05-00-00.mp4,2742461300,yes
CH04,CH04_2026-06-29_05-00-00_to_06-00-00.mp4,2437857687,yes
CH04,CH04_2026-06-29_06-00-00_to_07-00-01.mp4,2367218318,yes
CH04,CH04_2026-06-29_07-00-01_to_08-00-00.mp4,2019847036,yes
CH04,CH04_2026-06-29_08-00-00_to_09-00-02.mp4,2260550513,yes
CH04,CH04_2026-06-29_09-00-02_to_10-00-00.mp4,2730886634,yes
CH04,CH04_2026-06-29_10-00-00_to_11-00-01.mp4,2286642352,yes
CH04,CH04_2026-06-29_11-00-01_to_12-00-00.mp4,1987503136,yes
CH04,CH04_2026-06-29_12-00-00_to_13-00-00.mp4,2422320953,yes
CH04,CH04_2026-06-29_13-00-00_to_13-17-20.mp4,673970861,yes
CH04,CH04_2026-06-29_13-17-20_to_14-00-01.mp4,1409515347,yes
CH04,CH04_2026-06-29_14-00-01_to_15-00-00.mp4,1831717146,yes
CH04,CH04_2026-06-29_15-00-00.mp4,19660828,NO
CH04,CH04_2026-06-29_17-46-27_to_18-00-01.mp4,407442736,yes
CH04,CH04_2026-06-29_18-00-01_to_19-00-01.mp4,1810827586,yes
CH04,CH04_2026-06-29_19-00-01_to_20-00-00.mp4,1703225347,yes
CH04,CH04_2026-06-29_20-00-00_to_21-00-00.mp4,1596037727,yes
CH04,CH04_2026-06-29_21-00-00_to_22-00-00.mp4,2591973555,yes
CH04,CH04_2026-06-29_22-00-00_to_23-00-00.mp4,2662962303,yes
CH04,CH04_2026-06-29_23-00-00_to_00-00-01.mp4,2709884685,yes
CH04,CH04_2026-06-30_00-00-01_to_01-00-00.mp4,2737755191,yes
CH04,CH04_2026-06-30_01-00-00_to_02-00-01.mp4,2778830338,yes
CH04,CH04_2026-06-30_02-00-01_to_03-00-01.mp4,2777849054,yes
CH04,CH04_2026-06-30_03-00-01_to_04-00-02.mp4,2800279069,yes
CH04,CH04_2026-06-30_04-00-02_to_05-00-00.mp4,2757089518,yes
CH04,CH04_2026-06-30_05-00-00_to_06-00-01.mp4,2333591581,yes
CH04,CH04_2026-06-30_06-00-01_to_07-00-01.mp4,2276453360,yes
CH04,CH04_2026-06-30_07-00-01_to_08-00-00.mp4,2197205646,yes
CH04,CH04_2026-06-30_08-00-00_to_09-00-01.mp4,2436758872,yes
CH04,CH04_2026-06-30_09-00-01_to_10-00-00.mp4,2144117708,yes
CH04,CH04_2026-06-30_10-00-00_to_11-00-01.mp4,1955809424,yes
CH04,CH04_2026-06-30_11-00-01_to_12-00-00.mp4,2276929589,yes
CH04,CH04_2026-06-30_12-00-00_to_13-00-01.mp4,2785722686,yes
CH04,CH04_2026-06-30_13-00-01_to_14-00-01.mp4,2701067281,yes
CH04,CH04_2026-06-30_14-00-01_to_15-00-00.mp4,2013760058,yes
CH04,CH04_2026-06-30_15-00-00_to_16-00-01.mp4,1977586280,yes
CH04,CH04_2026-06-30_16-00-01_to_17-00-02.mp4,2030447775,yes
CH04,CH04_2026-06-30_17-00-02_to_18-00-01.mp4,2355786123,yes
CH04,CH04_2026-06-30_18-00-01_to_19-00-01.mp4,2011044391,yes
CH04,CH04_2026-06-30_19-00-01_to_20-00-00.mp4,1843291144,yes
CH04,CH04_2026-06-30_20-00-00_to_21-00-00.mp4,1809080905,yes
CH04,CH04_2026-06-30_21-00-00_to_22-00-00.mp4,2859018410,yes
CH04,CH04_2026-06-30_22-00-00_to_23-00-01.mp4,3039874645,yes
CH04,CH04_2026-06-30_23-00-01_to_00-00-00.mp4,2942785602,yes
CH04,CH04_2026-07-01_00-00-00_to_01-00-01.mp4,2963173143,yes
CH04,CH04_2026-07-01_01-00-01_to_02-00-01.mp4,2952195215,yes
CH04,CH04_2026-07-01_02-00-01_to_03-00-00.mp4,2949316108,yes
CH04,CH04_2026-07-01_03-00-00_to_04-00-01.mp4,2975992792,yes
CH04,CH04_2026-07-01_04-00-01_to_05-00-00.mp4,2942384223,yes
CH04,CH04_2026-07-01_05-00-00_to_06-00-01.mp4,2420530342,yes
CH04,CH04_2026-07-01_06-00-01_to_07-00-00.mp4,2125141094,yes
CH04,CH04_2026-07-01_07-00-00_to_08-00-00.mp4,2039198169,yes
CH04,CH04_2026-07-01_08-00-00_to_09-00-01.mp4,2391286391,yes
CH04,CH04_2026-07-01_09-00-01_to_10-00-00.mp4,2726616274,yes
CH04,CH04_2026-07-01_10-00-00_to_11-00-00.mp4,2320451950,yes
CH04,CH04_2026-07-01_11-00-00_to_12-00-01.mp4,2322347378,yes
CH04,CH04_2026-07-01_12-00-01_to_13-00-00.mp4,2453910793,yes
CH04,CH04_2026-07-01_13-00-00_to_14-00-00.mp4,2193823992,yes
CH04,CH04_2026-07-01_14-00-00_to_15-00-01.mp4,1936535576,yes
CH04,CH04_2026-07-01_15-00-01_to_16-00-00.mp4,1834689031,yes
CH04,CH04_2026-07-01_16-00-00_to_17-00-01.mp4,1887064173,yes
CH04,CH04_2026-07-01_17-00-01_to_18-00-00.mp4,2230236033,yes
CH04,CH04_2026-07-01_18-00-00_to_19-00-01.mp4,1868397472,yes
CH04,CH04_2026-07-01_19-00-01_to_20-00-00.mp4,2330294006,yes
CH04,CH04_2026-07-01_20-00-00_to_21-00-01.mp4,1970370947,yes
CH04,CH04_2026-07-01_21-00-01_to_22-00-01.mp4,2977146840,yes
CH04,CH04_2026-07-01_22-00-01_to_23-00-00.mp4,2980543133,yes
CH04,CH04_2026-07-01_23-00-00_to_00-00-01.mp4,3027980330,yes
CH04,CH04_2026-07-02_00-00-01_to_01-00-00.mp4,3129102732,yes
CH04,CH04_2026-07-02_01-00-00_to_02-00-01.mp4,3554384674,yes
CH04,CH04_2026-07-02_02-00-01_to_03-00-00.mp4,3406716232,yes
CH04,CH04_2026-07-02_03-00-00_to_04-00-00.mp4,3295538486,yes
CH04,CH04_2026-07-02_04-00-00_to_05-00-01.mp4,3105987776,yes
CH04,CH04_2026-07-02_05-00-01_to_06-00-00.mp4,2462669824,yes
CH04,CH04_2026-07-02_06-00-00_to_07-00-01.mp4,2265566105,yes
CH04,CH04_2026-07-02_07-00-01_to_08-00-00.mp4,1990880408,yes
CH04,CH04_2026-07-02_08-00-00_to_09-00-01.mp4,2301912961,yes
CH04,CH04_2026-07-02_09-00-01_to_10-00-01.mp4,2877045425,yes
CH04,CH04_2026-07-02_10-00-01_to_11-00-01.mp4,2508110007,yes
CH04,CH04_2026-07-02_11-00-01_to_12-00-00.mp4,2235481659,yes
CH04,CH04_2026-07-02_12-00-00_to_13-00-01.mp4,2792241567,yes
CH04,CH04_2026-07-02_13-00-01_to_14-00-00.mp4,2713592299,yes
CH04,CH04_2026-07-02_14-00-00_to_15-00-01.mp4,2254804572,yes
CH04,CH04_2026-07-02_15-00-01_to_16-00-00.mp4,2095799363,yes
CH04,CH04_2026-07-02_16-00-00_to_17-00-01.mp4,2190479379,yes
CH04,CH04_2026-07-02_17-00-01_to_18-00-00.mp4,2141744997,yes
CH04,CH04_2026-07-02_18-00-00_to_19-00-01.mp4,2256728957,yes
CH04,CH04_2026-07-02_19-00-01_to_20-00-00.mp4,2396256128,yes
CH04,CH04_2026-07-02_20-00-00_to_21-00-01.mp4,1822214549,yes
CH04,CH04_2026-07-02_21-00-01_to_22-00-00.mp4,2648355414,yes
CH04,CH04_2026-07-02_22-00-00_to_23-00-01.mp4,2737727931,yes
CH04,CH04_2026-07-02_23-00-01_to_00-02-32.mp4,2614876781,yes
CH04,CH04_2026-07-03_00-02-32_to_00-07-41.mp4,20492605,yes
CH04,CH04_2026-07-03_00-07-41_to_00-12-38.mp4,1354,yes
CH04,CH04_2026-07-03_00-12-38_to_01-00-00.mp4,2658122737,yes
CH04,CH04_2026-07-03_01-00-00_to_02-00-02.mp4,3443954772,yes
CH04,CH04_2026-07-03_02-00-02_to_03-00-01.mp4,3427298111,yes
CH04,CH04_2026-07-03_03-00-01_to_04-00-00.mp4,3438345745,yes
CH04,CH04_2026-07-03_04-00-00_to_05-00-01.mp4,3436544703,yes
CH04,CH04_2026-07-03_05-00-01_to_06-00-00.mp4,3315965751,yes
CH04,CH04_2026-07-03_06-00-00_to_07-00-01.mp4,3304771024,yes
CH04,CH04_2026-07-03_07-00-01_to_08-00-00.mp4,3123531300,yes
CH04,CH04_2026-07-03_08-00-00_to_09-00-01.mp4,3234341553,yes
CH04,CH04_2026-07-03_09-00-01_to_10-00-00.mp4,3106414710,yes
CH04,CH04_2026-07-03_10-00-00_to_11-00-01.mp4,2506819406,yes
CH04,CH04_2026-07-03_11-00-01_to_12-00-00.mp4,2348678716,yes
CH04,CH04_2026-07-03_12-00-00_to_13-00-01.mp4,2697119669,yes
CH04,CH04_2026-07-03_13-00-01_to_14-16-50.mp4,2180932272,yes
CH04,CH04_2026-07-03_14-16-50_to_14-31-18.mp4,4676217,yes
CH04,CH04_2026-07-03_14-31-18_to_15-00-00.mp4,1122069782,yes
CH04,CH04_2026-07-03_15-00-00_to_16-00-01.mp4,2597009096,yes
CH04,CH04_2026-07-03_16-00-01_to_17-00-00.mp4,2695473853,yes
CH04,CH04_2026-07-03_17-00-00_to_18-00-00.mp4,2285195994,yes
CH04,CH04_2026-07-03_18-00-00_to_19-00-00.mp4,2329432983,yes
CH04,CH04_2026-07-03_19-00-00_to_20-00-01.mp4,2509909257,yes
CH04,CH04_2026-07-03_20-00-01_to_21-00-00.mp4,2086735244,yes
CH04,CH04_2026-07-03_21-00-00_to_22-00-01.mp4,2930401362,yes
CH04,CH04_2026-07-03_22-00-01_to_23-00-00.mp4,3015885827,yes
CH04,CH04_2026-07-03_23-00-00_to_00-00-01.mp4,3023991785,yes
CH04,CH04_2026-07-04_00-00-01_to_01-00-00.mp4,3061349785,yes
CH04,CH04_2026-07-04_01-00-00_to_02-00-00.mp4,3088110646,yes
CH04,CH04_2026-07-04_02-00-00_to_03-00-01.mp4,3157244417,yes
CH04,CH04_2026-07-04_03-00-01_to_04-00-00.mp4,3171291543,yes
CH04,CH04_2026-07-04_04-00-00_to_05-00-01.mp4,3208528155,yes
CH04,CH04_2026-07-04_05-00-01_to_06-00-00.mp4,2669510159,yes
CH04,CH04_2026-07-04_06-00-00_to_07-00-01.mp4,2406568939,yes
CH04,CH04_2026-07-04_07-00-01_to_08-00-00.mp4,2392946879,yes
CH04,CH04_2026-07-04_08-00-00_to_09-00-01.mp4,2501874874,yes
CH04,CH04_2026-07-04_09-00-01_to_10-00-00.mp4,3189629771,yes
CH04,CH04_2026-07-04_10-00-00_to_11-00-00.mp4,3527445708,yes
CH04,CH04_2026-07-04_11-00-00_to_12-00-01.mp4,3069120195,yes
CH04,CH04_2026-07-04_12-00-01_to_13-00-01.mp4,2952262785,yes
CH04,CH04_2026-07-04_13-00-01_to_14-00-00.mp4,2570572754,yes
CH04,CH04_2026-07-04_14-00-00_to_15-00-01.mp4,2235674125,yes
CH04,CH04_2026-07-04_15-00-01_to_16-00-00.mp4,2274958129,yes
CH04,CH04_2026-07-04_16-00-00_to_17-00-01.mp4,2600368979,yes
CH04,CH04_2026-07-04_17-00-01_to_18-00-01.mp4,3121452508,yes
CH04,CH04_2026-07-04_18-00-01_to_19-00-00.mp4,2419745535,yes
CH04,CH04_2026-07-04_19-00-00_to_20-00-01.mp4,2278936164,yes
CH04,CH04_2026-07-04_20-00-01_to_21-00-00.mp4,2121293960,yes
CH04,CH04_2026-07-04_21-00-00_to_22-00-01.mp4,2819988651,yes
CH04,CH04_2026-07-04_22-00-01_to_23-00-00.mp4,2964201239,yes
CH04,CH04_2026-07-04_23-00-00_to_00-00-01.mp4,2994731405,yes
CH04,CH04_2026-07-05_00-00-01_to_01-00-01.mp4,2972675964,yes
CH04,CH04_2026-07-05_01-00-01_to_02-00-00.mp4,2816792439,yes
CH04,CH04_2026-07-05_02-00-00_to_03-00-01.mp4,2841067925,yes
CH04,CH04_2026-07-05_03-00-01_to_04-00-00.mp4,2908419214,yes
CH04,CH04_2026-07-05_04-00-00_to_05-00-01.mp4,2957631460,yes
CH04,CH04_2026-07-05_05-00-01_to_06-00-00.mp4,2732523523,yes
CH04,CH04_2026-07-05_06-00-00_to_07-00-01.mp4,2423150975,yes
CH04,CH04_2026-07-05_07-00-01_to_08-00-00.mp4,2503246416,yes
CH04,CH04_2026-07-05_08-00-00_to_09-00-00.mp4,2510348179,yes
CH04,CH04_2026-07-05_09-00-00_to_10-00-01.mp4,2375731185,yes
CH04,CH04_2026-07-05_10-00-01_to_11-00-00.mp4,2275508572,yes
CH04,CH04_2026-07-05_11-00-00_to_12-00-01.mp4,2197345711,yes
CH04,CH04_2026-07-05_12-00-01_to_13-00-00.mp4,2272798696,yes
CH04,CH04_2026-07-05_13-00-00_to_14-00-01.mp4,2390092985,yes
CH04,CH04_2026-07-05_14-00-01_to_14-05-04.mp4,990093,yes
CH04,CH04_2026-07-05_14-05-04_to_15-00-00.mp4,2167965819,yes
CH04,CH04_2026-07-05_15-00-00_to_16-00-00.mp4,2420628809,yes
CH04,CH04_2026-07-05_16-00-00_to_17-00-01.mp4,2114924812,yes
CH04,CH04_2026-07-05_17-00-01_to_18-00-01.mp4,2276261990,yes
CH04,CH04_2026-07-05_18-00-01_to_19-00-00.mp4,2750435402,yes
CH04,CH04_2026-07-05_19-00-00_to_20-00-00.mp4,2161620474,yes
CH04,CH04_2026-07-05_20-00-00_to_21-00-01.mp4,2225685008,yes
CH04,CH04_2026-07-05_21-00-01_to_22-00-00.mp4,3192593558,yes
CH04,CH04_2026-07-05_22-00-00_to_23-00-01.mp4,3272273475,yes
CH04,CH04_2026-07-05_23-00-01_to_00-00-00.mp4,3362615608,yes
CH04,CH04_2026-07-06_00-00-00_to_01-00-01.mp4,3287228264,yes
CH04,CH04_2026-07-06_01-00-01_to_02-00-00.mp4,3462707236,yes
CH04,CH04_2026-07-06_02-00-00_to_03-00-00.mp4,3654491697,yes
CH04,CH04_2026-07-06_03-00-00_to_04-00-01.mp4,3251868713,yes
CH04,CH04_2026-07-06_04-00-01_to_05-00-00.mp4,3257112776,yes
CH04,CH04_2026-07-06_05-00-00_to_06-00-00.mp4,2898496457,yes
CH04,CH04_2026-07-06_06-00-00_to_07-00-01.mp4,2524383676,yes
CH04,CH04_2026-07-06_07-00-01_to_08-00-01.mp4,2838892927,yes
CH04,CH04_2026-07-06_08-00-01_to_09-00-00.mp4,2846700572,yes
CH04,CH04_2026-07-06_09-00-00_to_10-00-01.mp4,2818537306,yes
CH04,CH04_2026-07-06_10-00-01_to_11-00-00.mp4,3015768092,yes
CH04,CH04_2026-07-06_11-00-00_to_12-00-01.mp4,3013651450,yes
CH04,CH04_2026-07-06_12-00-01_to_13-00-00.mp4,2957399481,yes
CH04,CH04_2026-07-06_13-00-00_to_14-00-01.mp4,2660029208,yes
CH04,CH04_2026-07-06_14-00-01_to_15-00-00.mp4,2678896053,yes
CH04,CH04_2026-07-06_15-00-00_to_16-00-00.mp4,2516338424,yes
CH04,CH04_2026-07-06_16-00-00_to_17-00-01.mp4,2782934186,yes
CH04,CH04_2026-07-06_17-00-01_to_18-00-00.mp4,2866877615,yes
CH04,CH04_2026-07-06_18-00-00_to_19-00-01.mp4,2938575470,yes
CH04,CH04_2026-07-06_19-00-01_to_20-00-01.mp4,2382839788,yes
CH04,CH04_2026-07-06_20-00-01_to_21-00-00.mp4,2217972011,yes
CH04,CH04_2026-07-06_21-00-00_to_22-00-01.mp4,3406286657,yes
CH04,CH04_2026-07-06_22-00-01_to_23-00-00.mp4,3225911650,yes
CH04,CH04_2026-07-06_23-00-00_to_00-00-01.mp4,3159023235,yes
CH04,CH04_2026-07-07_00-00-01_to_01-00-00.mp4,3194308909,yes
CH04,CH04_2026-07-07_01-00-00_to_02-00-01.mp4,3246563193,yes
CH04,CH04_2026-07-07_02-00-01_to_03-00-00.mp4,3242765710,yes
CH04,CH04_2026-07-07_03-00-00_to_04-00-00.mp4,3256804496,yes
CH04,CH04_2026-07-07_04-00-00_to_05-00-01.mp4,3270037862,yes
CH04,CH04_2026-07-07_05-00-01_to_06-00-01.mp4,3005603183,yes
CH04,CH04_2026-07-07_06-00-01_to_07-00-00.mp4,2399598938,yes
CH04,CH04_2026-07-07_07-00-00_to_08-00-01.mp4,2422432485,yes
CH04,CH04_2026-07-07_08-00-01_to_09-00-01.mp4,2459512580,yes
CH04,CH04_2026-07-07_09-00-01_to_10-00-00.mp4,2494406540,yes
CH04,CH04_2026-07-07_10-00-00_to_11-00-01.mp4,2521679426,yes
CH04,CH04_2026-07-07_11-00-01_to_12-00-00.mp4,2461255625,yes
CH04,CH04_2026-07-07_12-00-00_to_13-00-01.mp4,2771778031,yes
CH04,CH04_2026-07-07_13-00-01_to_14-00-00.mp4,2885135490,yes
CH04,CH04_2026-07-07_14-00-00_to_15-00-00.mp4,2816084173,yes
CH04,CH04_2026-07-07_15-00-00_to_16-00-01.mp4,2976877174,yes
CH04,CH04_2026-07-07_16-00-01_to_17-00-01.mp4,2464450875,yes
CH04,CH04_2026-07-07_17-00-01_to_18-00-00.mp4,2433103281,yes
CH04,CH04_2026-07-07_18-00-00_to_19-00-01.mp4,2707918968,yes
CH04,CH04_2026-07-07_19-00-01_to_20-00-01.mp4,2239781837,yes
CH04,CH04_2026-07-07_20-00-01_to_21-00-00.mp4,1983251919,yes
CH04,CH04_2026-07-07_21-00-00_to_22-00-01.mp4,2829467183,yes
CH04,CH04_2026-07-07_22-00-01_to_23-00-00.mp4,2976491121,yes
CH04,CH04_2026-07-07_23-00-00_to_00-00-00.mp4,3001927836,yes
CH04,CH04_2026-07-08_00-00-00_to_01-00-01.mp4,3000517083,yes
CH04,CH04_2026-07-08_01-00-01_to_02-00-00.mp4,3027631736,yes
CH04,CH04_2026-07-08_02-00-00_to_03-00-01.mp4,3028643170,yes
CH04,CH04_2026-07-08_03-00-01_to_04-00-00.mp4,3068160496,yes
CH04,CH04_2026-07-08_04-00-00_to_05-00-01.mp4,3197166332,yes
CH04,CH04_2026-07-08_05-00-01_to_06-00-00.mp4,2895772948,yes
CH04,CH04_2026-07-08_06-00-00_to_07-00-00.mp4,2384091907,yes
CH04,CH04_2026-07-08_07-00-00_to_08-00-01.mp4,2076176588,yes
CH04,CH04_2026-07-08_08-00-01_to_09-00-00.mp4,2777114305,yes
CH04,CH04_2026-07-08_09-00-00_to_10-00-01.mp4,3501661226,yes
CH04,CH04_2026-07-08_10-00-01_to_11-00-00.mp4,3335874278,yes
CH04,CH04_2026-07-08_11-00-00_to_12-00-01.mp4,3095334874,yes
CH04,CH04_2026-07-08_12-00-01_to_13-00-00.mp4,3243241339,yes
CH04,CH04_2026-07-08_13-00-00_to_14-00-01.mp4,3313894673,yes
CH04,CH04_2026-07-08_14-00-01_to_15-00-00.mp4,2895819744,yes
CH04,CH04_2026-07-08_15-00-00_to_16-00-01.mp4,2707594566,yes
CH04,CH04_2026-07-08_16-00-01_to_17-00-00.mp4,2760268789,yes
CH04,CH04_2026-07-08_17-00-00_to_18-00-01.mp4,2582943044,yes
CH04,CH04_2026-07-08_18-00-01_to_19-00-00.mp4,2370687781,yes
CH04,CH04_2026-07-08_19-00-00_to_20-00-00.mp4,2103271040,yes
CH04,CH04_2026-07-08_20-00-00_to_21-00-01.mp4,1990976996,yes
CH04,CH04_2026-07-08_21-00-01_to_22-00-00.mp4,2791211005,yes
CH04,CH04_2026-07-08_22-00-00_to_23-00-01.mp4,2832221041,yes
CH04,CH04_2026-07-08_23-00-01_to_00-00-00.mp4,2824897998,yes
CH04,CH04_2026-07-09_00-00-00_to_01-00-01.mp4,2834723115,yes
CH04,CH04_2026-07-09_01-00-01_to_02-00-01.mp4,2833863540,yes
CH04,CH04_2026-07-09_02-00-01_to_03-00-00.mp4,2834384936,yes
CH04,CH04_2026-07-09_03-00-00_to_04-00-01.mp4,2824079017,yes
CH04,CH04_2026-07-09_04-00-01_to_05-00-00.mp4,2870580830,yes
CH04,CH04_2026-07-09_05-00-00_to_06-00-00.mp4,2647415090,yes
CH04,CH04_2026-07-09_06-00-00_to_07-00-01.mp4,2313884887,yes
CH04,CH04_2026-07-09_07-00-01_to_08-00-00.mp4,2266176512,yes
CH04,CH04_2026-07-09_08-00-00_to_09-00-01.mp4,2877765273,yes
CH04,CH04_2026-07-09_09-00-01_to_10-00-00.mp4,3424106003,yes
CH04,CH04_2026-07-09_10-00-00_to_11-00-00.mp4,3137378449,yes
CH04,CH04_2026-07-09_11-00-00_to_12-00-01.mp4,2928382264,yes
CH04,CH04_2026-07-09_12-00-01_to_13-00-00.mp4,3294385330,yes
CH04,CH04_2026-07-09_13-00-00_to_14-00-00.mp4,3326372833,yes
CH04,CH04_2026-07-09_14-00-00_to_15-00-01.mp4,3010188340,yes
CH04,CH04_2026-07-09_15-00-01_to_16-00-00.mp4,2534222494,yes
CH04,CH04_2026-07-09_16-00-00_to_17-00-00.mp4,2733149360,yes
CH04,CH04_2026-07-09_17-00-00_to_18-00-01.mp4,2604296436,yes
CH04,CH04_2026-07-09_18-00-01_to_19-00-00.mp4,2204857213,yes
CH04,CH04_2026-07-09_19-00-00_to_20-00-01.mp4,2469197156,yes
CH04,CH04_2026-07-09_20-00-01_to_21-00-00.mp4,2801265430,yes
CH04,CH04_2026-07-09_21-00-00_to_22-00-01.mp4,2692582876,yes
CH04,CH04_2026-07-09_22-00-01_to_23-00-00.mp4,2791767376,yes
CH04,CH04_2026-07-09_23-00-00_to_00-00-00.mp4,2841845742,yes
CH04,CH04_2026-07-10_00-00-00_to_01-00-01.mp4,2918329089,yes
CH04,CH04_2026-07-10_01-00-01_to_02-00-00.mp4,2902495637,yes
CH04,CH04_2026-07-10_02-00-00_to_03-00-01.mp4,2881467013,yes
CH04,CH04_2026-07-10_03-00-01_to_04-00-00.mp4,2736238097,yes
CH04,CH04_2026-07-10_04-00-00_to_05-00-01.mp4,2977171229,yes
CH04,CH04_2026-07-10_05-00-01_to_06-00-00.mp4,2637466811,yes
CH04,CH04_2026-07-10_06-00-00_to_07-00-01.mp4,2455710303,yes
CH04,CH04_2026-07-10_07-00-01_to_08-00-01.mp4,2379970463,yes
CH04,CH04_2026-07-10_08-00-01_to_09-00-00.mp4,2356927263,yes
CH04,CH04_2026-07-10_09-00-00_to_10-00-01.mp4,2923692194,yes
CH04,CH04_2026-07-10_10-00-01_to_11-00-00.mp4,2967669324,yes
CH04,CH04_2026-07-10_11-00-00_to_12-00-01.mp4,2911024395,yes
CH04,CH04_2026-07-10_12-00-01_to_13-00-00.mp4,3143486519,yes
CH04,CH04_2026-07-10_13-00-00_to_14-00-01.mp4,3326516536,yes
CH04,CH04_2026-07-10_14-00-01_to_15-00-00.mp4,2996479547,yes
CH04,CH04_2026-07-10_15-00-00_to_16-00-00.mp4,2804306149,yes
CH04,CH04_2026-07-10_16-00-00_to_17-00-01.mp4,3097254824,yes
CH04,CH04_2026-07-10_17-00-01_to_18-00-00.mp4,2782326578,yes
CH04,CH04_2026-07-10_18-00-00_to_19-00-01.mp4,2956501095,yes
CH04,CH04_2026-07-10_19-00-01_to_20-00-00.mp4,2741964859,yes
CH04,CH04_2026-07-10_20-00-00_to_21-00-01.mp4,2102217578,yes
CH04,CH04_2026-07-10_21-00-01_to_22-00-00.mp4,2687767573,yes
CH04,CH04_2026-07-10_22-00-00_to_23-00-00.mp4,2802378811,yes
CH04,CH04_2026-07-10_23-00-00_to_00-00-01.mp4,2795322083,yes
CH04,CH04_2026-07-11_00-00-01_to_01-00-00.mp4,2880328974,yes
CH04,CH04_2026-07-11_01-00-00_to_02-00-01.mp4,2932955455,yes
CH04,CH04_2026-07-11_02-00-01_to_03-00-00.mp4,2921772399,yes
CH04,CH04_2026-07-11_03-00-00_to_04-00-01.mp4,2943454851,yes
CH04,CH04_2026-07-11_04-00-01_to_05-00-00.mp4,3004715195,yes
CH04,CH04_2026-07-11_05-00-00_to_06-00-00.mp4,2647839306,yes
CH04,CH04_2026-07-11_06-00-00_to_07-00-01.mp4,2456820921,yes
CH04,CH04_2026-07-11_07-00-01_to_08-00-00.mp4,2270834982,yes
CH04,CH04_2026-07-11_08-00-00_to_09-00-01.mp4,2854471372,yes
CH04,CH04_2026-07-11_09-00-01_to_10-00-00.mp4,3418480410,yes
CH04,CH04_2026-07-11_10-00-00_to_11-00-01.mp4,3383487815,yes
CH04,CH04_2026-07-11_11-00-01_to_12-00-00.mp4,3193980849,yes
CH04,CH04_2026-07-11_12-00-00_to_13-00-01.mp4,3254552369,yes
CH04,CH04_2026-07-11_13-00-01_to_14-00-01.mp4,3140733953,yes
CH04,CH04_2026-07-11_14-00-01_to_15-00-00.mp4,3072858515,yes
CH04,CH04_2026-07-11_15-00-00_to_16-00-01.mp4,3366924687,yes
CH04,CH04_2026-07-11_16-00-01_to_17-00-00.mp4,3153263567,yes
CH04,CH04_2026-07-11_17-00-00_to_18-00-01.mp4,2967408975,yes
CH04,CH04_2026-07-11_18-00-01_to_19-00-00.mp4,2917970557,yes
CH04,CH04_2026-07-11_19-00-00_to_20-00-01.mp4,2570066526,yes
CH04,CH04_2026-07-11_20-00-01_to_21-00-00.mp4,2279826521,yes
CH04,CH04_2026-07-11_21-00-00_to_22-00-01.mp4,2669949188,yes
CH04,CH04_2026-07-11_22-00-01_to_23-00-01.mp4,2788484930,yes
CH04,CH04_2026-07-11_23-00-01_to_00-00-00.mp4,2811967764,yes
CH04,CH04_2026-07-12_00-00-00_to_01-00-01.mp4,2799381851,yes
CH04,CH04_2026-07-12_01-00-01_to_02-00-00.mp4,2908260966,yes
CH04,CH04_2026-07-12_02-00-00_to_03-00-01.mp4,2940379091,yes
CH04,CH04_2026-07-12_03-00-01_to_04-00-00.mp4,2975166188,yes
CH04,CH04_2026-07-12_04-00-00_to_05-00-01.mp4,3033676750,yes
CH04,CH04_2026-07-12_05-00-01_to_06-00-00.mp4,2763545807,yes
CH04,CH04_2026-07-12_06-00-00_to_07-00-00.mp4,2754854527,yes
CH04,CH04_2026-07-12_07-00-00_to_08-00-01.mp4,2520209546,yes
CH04,CH04_2026-07-12_08-00-01_to_09-00-00.mp4,2800419188,yes
CH04,CH04_2026-07-12_09-00-00_to_10-00-00.mp4,3383087695,yes
CH04,CH04_2026-07-12_10-00-00_to_11-00-01.mp4,3195911639,yes
CH04,CH04_2026-07-12_11-00-01_to_12-00-00.mp4,2814211455,yes
CH04,CH04_2026-07-12_12-00-00_to_13-00-01.mp4,3073219409,yes
CH04,CH04_2026-07-12_13-00-01_to_14-01-50.mp4,3392974603,yes
CH04,CH04_2026-07-12_14-01-50_to_14-07-41.mp4,3670044,yes
CH04,CH04_2026-07-12_14-07-41_to_15-00-01.mp4,2642035612,yes
CH04,CH04_2026-07-12_15-00-01.mp4,1883768341,NO
CH05,CH05_2026-06-25_16-04-54.mp4,1733451947,NO
CH05,CH05_2026-06-25_17-00-32.mp4,114133698,NO
CH05,CH05_2026-06-27_00-00-00_to_01-00-00.mp4,1902717595,yes
CH05,CH05_2026-06-27_01-00-00_to_02-00-00.mp4,1902727542,yes
CH05,CH05_2026-06-27_02-00-00_to_03-00-00.mp4,1902734964,yes
CH05,CH05_2026-06-27_03-00-00_to_04-00-01.mp4,1903824995,yes
CH05,CH05_2026-06-27_04-00-01_to_05-00-01.mp4,1902724786,yes
CH05,CH05_2026-06-27_05-00-01_to_06-00-01.mp4,1903002440,yes
CH05,CH05_2026-06-27_06-00-01_to_07-00-01.mp4,1902496677,yes
CH05,CH05_2026-06-27_07-00-01_to_08-00-00.mp4,1902571430,yes
CH05,CH05_2026-06-27_08-00-00_to_09-00-00.mp4,1902297355,yes
CH05,CH05_2026-06-27_09-00-00_to_10-00-00.mp4,1900319584,yes
CH05,CH05_2026-06-27_10-00-00_to_11-00-00.mp4,1901013133,yes
CH05,CH05_2026-06-27_11-00-00_to_12-00-00.mp4,1902303651,yes
CH05,CH05_2026-06-27_12-00-00_to_13-00-01.mp4,1903669110,yes
CH05,CH05_2026-06-27_13-00-01_to_14-00-01.mp4,1901667432,yes
CH05,CH05_2026-06-27_14-00-01_to_15-00-01.mp4,1902754817,yes
CH05,CH05_2026-06-27_15-00-01_to_16-00-01.mp4,1901997204,yes
CH05,CH05_2026-06-27_16-00-01_to_17-00-01.mp4,1902770966,yes
CH05,CH05_2026-06-27_17-00-01_to_18-00-00.mp4,1902264146,yes
CH05,CH05_2026-06-27_18-00-00_to_19-00-00.mp4,1902043228,yes
CH05,CH05_2026-06-27_19-00-00_to_20-00-00.mp4,1903169200,yes
CH05,CH05_2026-06-27_20-00-00_to_21-00-00.mp4,1902862074,yes
CH05,CH05_2026-06-27_21-00-00_to_22-00-01.mp4,1904345642,yes
CH05,CH05_2026-06-27_22-00-01_to_23-00-00.mp4,1902477315,yes
CH05,CH05_2026-06-27_23-00-00_to_00-00-01.mp4,1903251167,yes
CH05,CH05_2026-06-28_00-00-01_to_01-00-01.mp4,1902724728,yes
CH05,CH05_2026-06-28_01-00-01.mp4,488848985,NO
CH05,CH05_2026-06-28_01-16-22.mp4,15176228,NO
CH05,CH05_2026-06-28_01-18-26_to_02-00-01.mp4,1319240912,yes
CH05,CH05_2026-06-28_02-00-01_to_03-01-10.mp4,1902685709,yes
CH05,CH05_2026-06-28_03-01-10_to_04-00-01.mp4,1866805392,yes
CH05,CH05_2026-06-28_04-00-01_to_05-00-01.mp4,1902745588,yes
CH05,CH05_2026-06-28_05-00-01_to_06-00-01.mp4,1902694530,yes
CH05,CH05_2026-06-28_06-00-01_to_07-00-00.mp4,1902648796,yes
CH05,CH05_2026-06-28_07-00-00_to_08-00-00.mp4,1902844376,yes
CH05,CH05_2026-06-28_08-00-00_to_09-00-00.mp4,1902713294,yes
CH05,CH05_2026-06-28_09-00-00_to_10-00-00.mp4,1902522445,yes
CH05,CH05_2026-06-28_10-00-00_to_11-00-01.mp4,1903213170,yes
CH05,CH05_2026-06-28_11-00-01_to_12-00-01.mp4,1902439006,yes
CH05,CH05_2026-06-28_12-00-01_to_13-00-01.mp4,1902755334,yes
CH05,CH05_2026-06-28_13-00-01_to_14-00-01.mp4,1901062222,yes
CH05,CH05_2026-06-28_14-00-01_to_15-00-01.mp4,1902519316,yes
CH05,CH05_2026-06-28_15-00-01_to_16-00-01.mp4,1902360891,yes
CH05,CH05_2026-06-28_16-00-01_to_17-00-01.mp4,1902858868,yes
CH05,CH05_2026-06-28_17-00-01_to_18-00-00.mp4,1902713596,yes
CH05,CH05_2026-06-28_18-00-00_to_19-00-01.mp4,1903398310,yes
CH05,CH05_2026-06-28_19-00-01_to_20-00-00.mp4,1903327569,yes
CH05,CH05_2026-06-28_20-00-00_to_21-00-01.mp4,1903844974,yes
CH05,CH05_2026-06-28_21-00-01_to_22-00-01.mp4,1903687096,yes
CH05,CH05_2026-06-28_22-00-01_to_23-00-00.mp4,1902357835,yes
CH05,CH05_2026-06-28_23-00-00_to_00-00-01.mp4,1903222342,yes
CH05,CH05_2026-06-29_00-00-01_to_01-00-00.mp4,1903574765,yes
CH05,CH05_2026-06-29_01-00-00_to_02-00-00.mp4,1902747610,yes
CH05,CH05_2026-06-29_02-00-00_to_03-00-00.mp4,1902741142,yes
CH05,CH05_2026-06-29_03-00-00_to_04-00-00.mp4,1902752979,yes
CH05,CH05_2026-06-29_04-00-00_to_05-00-01.mp4,1903716861,yes
CH05,CH05_2026-06-29_05-00-01_to_06-00-00.mp4,1902174508,yes
CH05,CH05_2026-06-29_06-00-00_to_07-00-01.mp4,1903336703,yes
CH05,CH05_2026-06-29_07-00-01_to_08-00-00.mp4,1902915715,yes
CH05,CH05_2026-06-29_08-00-00_to_09-00-01.mp4,1903320040,yes
CH05,CH05_2026-06-29_09-00-01_to_10-00-01.mp4,1903079890,yes
CH05,CH05_2026-06-29_10-00-01_to_11-00-00.mp4,1902989649,yes
CH05,CH05_2026-06-29_11-00-00_to_12-00-00.mp4,1902768334,yes
CH05,CH05_2026-06-29_12-00-00_to_13-00-01.mp4,1903225115,yes
CH05,CH05_2026-06-29_13-00-01_to_13-21-27.mp4,544600028,yes
CH05,CH05_2026-06-29_13-21-27_to_14-00-00.mp4,1222669369,yes
CH05,CH05_2026-06-29_14-00-00_to_15-00-01.mp4,1902611594,yes
CH05,CH05_2026-06-29_14-38-36_to_14-59-57.mp4,679772460,yes
CH05,CH05_2026-06-29_14-59-58_to_15-35-20.mp4,1124160124,yes
CH05,CH05_2026-06-29_15-00-01.mp4,20971548,NO
CH05,CH05_2026-06-29_15-35-20_to_15-59-59.mp4,784375200,yes
CH05,CH05_2026-06-29_15-59-58_to_16-19-31.mp4,623267347,yes
CH05,CH05_2026-06-29_17-46-31_to_18-00-00.mp4,428132368,yes
CH05,CH05_2026-06-29_18-00-00_to_19-00-01.mp4,1903495324,yes
CH05,CH05_2026-06-29_19-00-01_to_20-00-01.mp4,1903278481,yes
CH05,CH05_2026-06-29_20-00-01_to_21-00-00.mp4,1902575513,yes
CH05,CH05_2026-06-29_21-00-00_to_22-00-00.mp4,1903532859,yes
CH05,CH05_2026-06-29_22-00-00_to_23-00-00.mp4,1903049014,yes
CH05,CH05_2026-06-29_23-00-00_to_00-00-00.mp4,1902457473,yes
CH05,CH05_2026-06-30_00-00-00_to_01-00-01.mp4,1903697422,yes
CH05,CH05_2026-06-30_01-00-01_to_02-00-01.mp4,1902810416,yes
CH05,CH05_2026-06-30_02-00-01_to_03-00-01.mp4,1903179413,yes
CH05,CH05_2026-06-30_03-00-01_to_04-00-01.mp4,1902740275,yes
CH05,CH05_2026-06-30_04-00-01_to_05-00-00.mp4,1902757597,yes
CH05,CH05_2026-06-30_05-00-00_to_06-00-00.mp4,1902697323,yes
CH05,CH05_2026-06-30_06-00-00_to_07-00-01.mp4,1902968610,yes
CH05,CH05_2026-06-30_07-00-01_to_08-00-01.mp4,1903306180,yes
CH05,CH05_2026-06-30_08-00-01_to_09-00-01.mp4,1901751000,yes
CH05,CH05_2026-06-30_09-00-01_to_10-00-01.mp4,1902330263,yes
CH05,CH05_2026-06-30_10-00-01_to_11-00-01.mp4,1902959063,yes
CH05,CH05_2026-06-30_11-00-01_to_12-00-01.mp4,1901622442,yes
CH05,CH05_2026-06-30_12-00-01_to_13-00-00.mp4,1901098080,yes
CH05,CH05_2026-06-30_13-00-00_to_14-00-01.mp4,1901913114,yes
CH05,CH05_2026-06-30_14-00-01_to_15-00-01.mp4,1900030673,yes
CH05,CH05_2026-06-30_15-00-01_to_16-00-01.mp4,1900353307,yes
CH05,CH05_2026-06-30_16-00-01_to_17-00-01.mp4,1902461735,yes
CH05,CH05_2026-06-30_17-00-01_to_18-00-01.mp4,1902100026,yes
CH05,CH05_2026-06-30_18-00-01_to_19-00-01.mp4,1903835143,yes
CH05,CH05_2026-06-30_19-00-01_to_20-00-01.mp4,1896579704,yes
CH05,CH05_2026-06-30_20-00-01_to_21-00-00.mp4,1902299013,yes
CH05,CH05_2026-06-30_21-00-00_to_22-00-01.mp4,1903881250,yes
CH05,CH05_2026-06-30_22-00-01_to_23-00-01.mp4,1902549126,yes
CH05,CH05_2026-06-30_23-00-01_to_00-00-01.mp4,1902703419,yes
CH05,CH05_2026-07-01_00-00-01_to_01-00-00.mp4,1902740026,yes
CH05,CH05_2026-07-01_01-00-00_to_02-00-00.mp4,1902754486,yes
CH05,CH05_2026-07-01_02-00-00_to_03-00-00.mp4,1902754988,yes
CH05,CH05_2026-07-01_03-00-00_to_04-00-00.mp4,1902828733,yes
CH05,CH05_2026-07-01_04-00-00_to_05-00-01.mp4,1903749838,yes
CH05,CH05_2026-07-01_05-00-01_to_06-00-01.mp4,1902323398,yes
CH05,CH05_2026-07-01_06-00-01_to_07-00-01.mp4,1902655266,yes
CH05,CH05_2026-07-01_07-00-01_to_08-00-00.mp4,1902677696,yes
CH05,CH05_2026-07-01_08-00-00_to_09-00-00.mp4,1902818549,yes
CH05,CH05_2026-07-01_09-00-00_to_10-00-01.mp4,1902241504,yes
CH05,CH05_2026-07-01_10-00-01_to_11-00-01.mp4,1900268350,yes
CH05,CH05_2026-07-01_11-00-01_to_12-00-01.mp4,1901658331,yes
CH05,CH05_2026-07-01_12-00-01_to_13-00-00.mp4,1901650171,yes
CH05,CH05_2026-07-01_13-00-00_to_14-00-00.mp4,1900898539,yes
CH05,CH05_2026-07-01_14-00-00_to_15-00-00.mp4,1886269139,yes
CH05,CH05_2026-07-01_15-00-00_to_16-00-00.mp4,1894310211,yes
CH05,CH05_2026-07-01_16-00-00_to_17-00-00.mp4,1902079988,yes
CH05,CH05_2026-07-01_17-00-00_to_18-00-01.mp4,1903557240,yes
CH05,CH05_2026-07-01_18-00-01_to_19-00-01.mp4,1902834888,yes
CH05,CH05_2026-07-01_19-00-01_to_20-00-01.mp4,1902526361,yes
CH05,CH05_2026-07-01_20-00-01_to_21-00-01.mp4,1902019754,yes
CH05,CH05_2026-07-01_21-00-01_to_22-00-01.mp4,1903307993,yes
CH05,CH05_2026-07-01_22-00-01_to_23-00-00.mp4,1902349246,yes
CH05,CH05_2026-07-01_23-00-00_to_00-00-00.mp4,1902755907,yes
CH05,CH05_2026-07-02_00-00-00_to_01-00-00.mp4,1902740780,yes
CH05,CH05_2026-07-02_01-00-00_to_02-00-01.mp4,1903809110,yes
CH05,CH05_2026-07-02_02-00-01_to_03-00-01.mp4,1902840744,yes
CH05,CH05_2026-07-02_03-00-01_to_04-00-01.mp4,1902662394,yes
CH05,CH05_2026-07-02_04-00-01_to_05-00-01.mp4,1902736747,yes
CH05,CH05_2026-07-02_05-00-01_to_06-00-00.mp4,1902388002,yes
CH05,CH05_2026-07-02_06-00-00_to_07-00-00.mp4,1902699858,yes
CH05,CH05_2026-07-02_07-00-00_to_08-00-01.mp4,1903051166,yes
CH05,CH05_2026-07-02_08-00-01_to_09-00-00.mp4,1902783600,yes
CH05,CH05_2026-07-02_09-00-00_to_09-11-02.mp4,190840860,yes
CH05,CH05_2026-07-02_09-11-02_to_10-00-01.mp4,1553950014,yes
CH05,CH05_2026-07-02_10-00-01_to_11-00-00.mp4,1902735237,yes
CH05,CH05_2026-07-02_11-00-00_to_12-00-01.mp4,1903386107,yes
CH05,CH05_2026-07-02_12-00-01_to_13-00-01.mp4,1900261758,yes
CH05,CH05_2026-07-02_13-00-01_to_14-00-01.mp4,1901996505,yes
CH05,CH05_2026-07-02_14-00-01_to_15-00-01.mp4,1901358043,yes
CH05,CH05_2026-07-02_15-00-01_to_16-00-01.mp4,1902726082,yes
CH05,CH05_2026-07-02_16-00-01_to_17-00-01.mp4,1902237045,yes
CH05,CH05_2026-07-02_17-00-01_to_18-00-01.mp4,1902597088,yes
CH05,CH05_2026-07-02_18-00-01_to_19-00-00.mp4,1902322638,yes
CH05,CH05_2026-07-02_19-00-00_to_20-00-01.mp4,1903167346,yes
CH05,CH05_2026-07-02_20-00-01_to_21-00-01.mp4,1902701303,yes
CH05,CH05_2026-07-02_21-00-01_to_22-00-01.mp4,1903438067,yes
CH05,CH05_2026-07-02_22-00-01_to_23-00-01.mp4,1902741283,yes
CH05,CH05_2026-07-02_23-00-01_to_00-02-35.mp4,1832438909,yes
CH05,CH05_2026-07-03_00-02-35_to_00-12-41.mp4,12503196,yes
CH05,CH05_2026-07-03_00-12-41_to_01-00-01.mp4,1502099228,yes
CH05,CH05_2026-07-03_01-00-01_to_02-00-01.mp4,1902748203,yes
CH05,CH05_2026-07-03_02-00-01_to_03-00-01.mp4,1902765626,yes
CH05,CH05_2026-07-03_03-00-01_to_04-00-01.mp4,1902735894,yes
CH05,CH05_2026-07-03_04-00-01_to_05-00-01.mp4,1902749045,yes
CH05,CH05_2026-07-03_05-00-01_to_06-00-00.mp4,1902404928,yes
CH05,CH05_2026-07-03_06-00-00_to_07-00-00.mp4,1902767751,yes
CH05,CH05_2026-07-03_07-00-00_to_08-00-00.mp4,1903166732,yes
CH05,CH05_2026-07-03_08-00-00_to_09-00-00.mp4,1902806622,yes
CH05,CH05_2026-07-03_09-00-00_to_10-00-00.mp4,1902404478,yes
CH05,CH05_2026-07-03_10-00-00_to_11-00-01.mp4,1901635402,yes
CH05,CH05_2026-07-03_11-00-01_to_12-00-01.mp4,1900099914,yes
CH05,CH05_2026-07-03_12-00-01_to_13-00-01.mp4,1900685497,yes
CH05,CH05_2026-07-03_13-00-01_to_14-16-52.mp4,1719576881,yes
CH05,CH05_2026-07-03_14-16-52_to_14-31-20.mp4,2651545,yes
CH05,CH05_2026-07-03_14-31-20_to_15-00-01.mp4,909276214,yes
CH05,CH05_2026-07-03_15-00-01_to_16-00-00.mp4,1902286583,yes
CH05,CH05_2026-07-03_16-00-00_to_17-00-00.mp4,1902653283,yes
CH05,CH05_2026-07-03_17-00-00_to_18-00-00.mp4,1901826770,yes
CH05,CH05_2026-07-03_18-00-00_to_19-00-01.mp4,1903466890,yes
CH05,CH05_2026-07-03_19-00-01_to_20-00-01.mp4,1902516192,yes
CH05,CH05_2026-07-03_20-00-01_to_21-00-01.mp4,1902782905,yes
CH05,CH05_2026-07-03_21-00-01_to_22-00-00.mp4,1902764072,yes
CH05,CH05_2026-07-03_22-00-00_to_23-00-00.mp4,1902785221,yes
CH05,CH05_2026-07-03_23-00-00_to_00-00-00.mp4,1902713859,yes
CH05,CH05_2026-07-04_00-00-00_to_01-00-00.mp4,1902775791,yes
CH05,CH05_2026-07-04_01-00-00_to_02-00-00.mp4,1902725250,yes
CH05,CH05_2026-07-04_02-00-00_to_03-00-01.mp4,1903814169,yes
CH05,CH05_2026-07-04_03-00-01_to_04-00-01.mp4,1902735686,yes
CH05,CH05_2026-07-04_04-00-01_to_05-00-01.mp4,1902775863,yes
CH05,CH05_2026-07-04_05-00-01_to_06-00-01.mp4,1902569053,yes
CH05,CH05_2026-07-04_06-00-01_to_07-00-01.mp4,1902878488,yes
CH05,CH05_2026-07-04_07-00-01_to_08-00-00.mp4,1902419754,yes
CH05,CH05_2026-07-04_08-00-00_to_09-00-00.mp4,1902358833,yes
CH05,CH05_2026-07-04_09-00-00_to_10-00-00.mp4,1901614145,yes
CH05,CH05_2026-07-04_10-00-00_to_11-00-01.mp4,1902371360,yes
CH05,CH05_2026-07-04_11-00-01_to_12-00-00.mp4,1902180457,yes
CH05,CH05_2026-07-04_12-00-00_to_13-00-00.mp4,1901375474,yes
CH05,CH05_2026-07-04_13-00-00_to_14-00-00.mp4,1899461200,yes
CH05,CH05_2026-07-04_14-00-00_to_15-00-01.mp4,1903337081,yes
CH05,CH05_2026-07-04_15-00-01_to_16-00-01.mp4,1902266947,yes
CH05,CH05_2026-07-04_16-00-01_to_17-00-01.mp4,1903043387,yes
CH05,CH05_2026-07-04_17-00-01_to_18-00-01.mp4,1902083193,yes
CH05,CH05_2026-07-04_18-00-01_to_19-00-01.mp4,1903080353,yes
CH05,CH05_2026-07-04_19-00-01_to_20-00-01.mp4,1902743675,yes
CH05,CH05_2026-07-04_20-00-01_to_21-00-00.mp4,1902672719,yes
CH05,CH05_2026-07-04_21-00-00_to_22-00-00.mp4,1902781745,yes
CH05,CH05_2026-07-04_22-00-00_to_23-00-00.mp4,1902981559,yes
CH05,CH05_2026-07-04_23-00-00_to_00-00-00.mp4,1902751148,yes
CH05,CH05_2026-07-05_00-00-00_to_01-00-00.mp4,1902730281,yes
CH05,CH05_2026-07-05_01-00-00_to_02-00-00.mp4,1902704459,yes
CH05,CH05_2026-07-05_02-00-00_to_03-00-01.mp4,1903841937,yes
CH05,CH05_2026-07-05_03-00-01_to_04-00-01.mp4,1902750766,yes
CH05,CH05_2026-07-05_04-00-01_to_05-00-01.mp4,1902749103,yes
CH05,CH05_2026-07-05_05-00-01_to_06-00-01.mp4,1902626303,yes
CH05,CH05_2026-07-05_06-00-01_to_07-00-00.mp4,1902741624,yes
CH05,CH05_2026-07-05_07-00-00_to_08-00-00.mp4,1903071137,yes
CH05,CH05_2026-07-05_08-00-00_to_09-00-00.mp4,1902661153,yes
CH05,CH05_2026-07-05_09-00-00_to_10-00-00.mp4,1902969293,yes
CH05,CH05_2026-07-05_10-00-00_to_11-00-00.mp4,1902592325,yes
CH05,CH05_2026-07-05_11-00-00_to_12-00-00.mp4,1903000638,yes
CH05,CH05_2026-07-05_12-00-00_to_13-00-01.mp4,1904214169,yes
CH05,CH05_2026-07-05_13-00-01_to_14-00-02.mp4,1901400441,yes
CH05,CH05_2026-07-05_14-00-02_to_14-05-04.mp4,481840,yes
CH05,CH05_2026-07-05_14-05-04_to_15-00-01.mp4,1742749102,yes
CH05,CH05_2026-07-05_15-00-01_to_16-00-01.mp4,1902410593,yes
CH05,CH05_2026-07-05_16-00-01_to_17-00-01.mp4,1902790609,yes
CH05,CH05_2026-07-05_17-00-01_to_18-00-01.mp4,1903267645,yes
CH05,CH05_2026-07-05_18-00-01_to_19-00-01.mp4,1903183817,yes
CH05,CH05_2026-07-05_19-00-01_to_20-00-01.mp4,1902754544,yes
CH05,CH05_2026-07-05_20-00-01_to_21-00-01.mp4,1902788447,yes
CH05,CH05_2026-07-05_21-00-01_to_22-00-01.mp4,1902772238,yes
CH05,CH05_2026-07-05_22-00-01_to_23-00-00.mp4,1902759096,yes
CH05,CH05_2026-07-05_23-00-00_to_00-00-00.mp4,1902757296,yes
CH05,CH05_2026-07-06_00-00-00_to_01-00-00.mp4,1902754243,yes
CH05,CH05_2026-07-06_01-00-00_to_02-00-00.mp4,1902826554,yes
CH05,CH05_2026-07-06_02-00-00_to_03-00-00.mp4,1902674560,yes
CH05,CH05_2026-07-06_03-00-00_to_04-00-00.mp4,1903035037,yes
CH05,CH05_2026-07-06_04-00-00_to_05-00-01.mp4,1903478373,yes
CH05,CH05_2026-07-06_05-00-01_to_06-00-00.mp4,1902330669,yes
CH05,CH05_2026-07-06_06-00-00_to_07-00-01.mp4,1903631442,yes
CH05,CH05_2026-07-06_07-00-01_to_08-00-01.mp4,1903099188,yes
CH05,CH05_2026-07-06_08-00-01_to_09-00-01.mp4,1902995660,yes
CH05,CH05_2026-07-06_09-00-01_to_10-00-01.mp4,1902870683,yes
CH05,CH05_2026-07-06_10-00-01_to_11-00-00.mp4,1902865101,yes
CH05,CH05_2026-07-06_11-00-00_to_12-00-00.mp4,1902998523,yes
CH05,CH05_2026-07-06_12-00-00_to_13-00-00.mp4,1902779165,yes
CH05,CH05_2026-07-06_13-00-00_to_14-00-00.mp4,1901318845,yes
CH05,CH05_2026-07-06_14-00-00_to_15-00-00.mp4,1903441401,yes
CH05,CH05_2026-07-06_15-00-00_to_16-00-00.mp4,1903225049,yes
CH05,CH05_2026-07-06_16-00-00_to_17-00-01.mp4,1903799035,yes
CH05,CH05_2026-07-06_17-00-01_to_18-00-01.mp4,1902977928,yes
CH05,CH05_2026-07-06_18-00-01_to_19-00-01.mp4,1902510353,yes
CH05,CH05_2026-07-06_19-00-01_to_20-00-00.mp4,1902571306,yes
CH05,CH05_2026-07-06_20-00-00_to_21-00-00.mp4,1902789585,yes
CH05,CH05_2026-07-06_21-00-00_to_22-00-00.mp4,1902768254,yes
CH05,CH05_2026-07-06_22-00-00_to_23-00-00.mp4,1902748860,yes
CH05,CH05_2026-07-06_23-00-00_to_00-00-01.mp4,1903792623,yes
CH05,CH05_2026-07-07_00-00-01_to_01-00-01.mp4,1902755939,yes
CH05,CH05_2026-07-07_01-00-01_to_02-00-01.mp4,1902737044,yes
CH05,CH05_2026-07-07_02-00-01_to_03-00-01.mp4,1903185039,yes
CH05,CH05_2026-07-07_03-00-01_to_04-00-01.mp4,1902741610,yes
CH05,CH05_2026-07-07_04-00-01_to_05-00-01.mp4,1902748091,yes
CH05,CH05_2026-07-07_05-00-01_to_06-00-00.mp4,1902566162,yes
CH05,CH05_2026-07-07_06-00-00_to_07-00-00.mp4,1902401712,yes
CH05,CH05_2026-07-07_07-00-00_to_08-00-00.mp4,1902692897,yes
CH05,CH05_2026-07-07_08-00-00_to_09-00-01.mp4,1903945960,yes
CH05,CH05_2026-07-07_09-00-01_to_10-00-01.mp4,1903108113,yes
CH05,CH05_2026-07-07_10-00-01_to_11-00-00.mp4,1902944841,yes
CH05,CH05_2026-07-07_11-00-00_to_12-00-00.mp4,1903216395,yes
CH05,CH05_2026-07-07_12-00-00_to_13-00-00.mp4,1902068159,yes
CH05,CH05_2026-07-07_13-00-00_to_14-00-00.mp4,1900526686,yes
CH05,CH05_2026-07-07_14-00-00_to_15-00-01.mp4,1903290835,yes
CH05,CH05_2026-07-07_15-00-01_to_16-00-01.mp4,1902735767,yes
CH05,CH05_2026-07-07_16-00-01_to_17-00-00.mp4,1902788362,yes
CH05,CH05_2026-07-07_17-00-00_to_18-00-01.mp4,1903382131,yes
CH05,CH05_2026-07-07_18-00-01_to_19-00-01.mp4,1902889311,yes
CH05,CH05_2026-07-07_19-00-01_to_20-00-01.mp4,1902686796,yes
CH05,CH05_2026-07-07_20-00-01_to_21-00-01.mp4,1902777562,yes
CH05,CH05_2026-07-07_21-00-01_to_22-00-00.mp4,1902772192,yes
CH05,CH05_2026-07-07_22-00-00_to_23-00-00.mp4,1902786645,yes
CH05,CH05_2026-07-07_23-00-00_to_00-00-00.mp4,1902671657,yes
CH05,CH05_2026-07-08_00-00-00_to_01-00-01.mp4,1903830467,yes
CH05,CH05_2026-07-08_01-00-01_to_02-00-01.mp4,1902745141,yes
CH05,CH05_2026-07-08_02-00-01_to_03-00-01.mp4,1902754286,yes
CH05,CH05_2026-07-08_03-00-01_to_04-00-01.mp4,1902713263,yes
CH05,CH05_2026-07-08_04-00-01_to_05-00-00.mp4,1902761187,yes
CH05,CH05_2026-07-08_05-00-00_to_06-00-00.mp4,1902452958,yes
CH05,CH05_2026-07-08_06-00-00_to_07-00-00.mp4,1902550403,yes
CH05,CH05_2026-07-08_07-00-00_to_08-00-00.mp4,1902760796,yes
CH05,CH05_2026-07-08_08-00-00_to_09-00-00.mp4,1902765067,yes
CH05,CH05_2026-07-08_09-00-00_to_10-00-01.mp4,1903627265,yes
CH05,CH05_2026-07-08_10-00-01_to_11-00-01.mp4,1902258483,yes
CH05,CH05_2026-07-08_11-00-01_to_12-00-01.mp4,1901985627,yes
CH05,CH05_2026-07-08_12-00-01_to_13-00-01.mp4,1902739855,yes
CH05,CH05_2026-07-08_13-00-01_to_14-00-01.mp4,1900979385,yes
CH05,CH05_2026-07-08_14-00-01_to_15-00-01.mp4,1902326283,yes
CH05,CH05_2026-07-08_15-00-01_to_16-00-01.mp4,1902743485,yes
CH05,CH05_2026-07-08_16-00-01_to_17-00-01.mp4,1902058712,yes
CH05,CH05_2026-07-08_17-00-01_to_18-00-00.mp4,1902544164,yes
CH05,CH05_2026-07-08_18-00-00_to_19-00-00.mp4,1902492775,yes
CH05,CH05_2026-07-08_19-00-00_to_20-00-00.mp4,1902308397,yes
CH05,CH05_2026-07-08_20-00-00_to_21-00-00.mp4,1902840049,yes
CH05,CH05_2026-07-08_21-00-00_to_22-00-00.mp4,1902746062,yes
CH05,CH05_2026-07-08_22-00-00_to_23-00-01.mp4,1903819439,yes
CH05,CH05_2026-07-08_23-00-01_to_00-00-01.mp4,1902761680,yes
CH05,CH05_2026-07-09_00-00-01_to_01-00-01.mp4,1902720345,yes
CH05,CH05_2026-07-09_01-00-01_to_02-00-01.mp4,1902725656,yes
CH05,CH05_2026-07-09_02-00-01_to_03-00-00.mp4,1902410621,yes
CH05,CH05_2026-07-09_03-00-00_to_04-00-01.mp4,1903823464,yes
CH05,CH05_2026-07-09_04-00-01_to_05-00-01.mp4,1902725360,yes
CH05,CH05_2026-07-09_05-00-01_to_06-00-01.mp4,1902676063,yes
CH05,CH05_2026-07-09_06-00-01_to_07-00-01.mp4,1902671307,yes
CH05,CH05_2026-07-09_07-00-01_to_08-00-01.mp4,1902792711,yes
CH05,CH05_2026-07-09_08-00-01_to_09-00-01.mp4,1902744901,yes
CH05,CH05_2026-07-09_09-00-01_to_10-00-00.mp4,1902483059,yes
CH05,CH05_2026-07-09_10-00-00_to_11-00-01.mp4,1902917281,yes
CH05,CH05_2026-07-09_11-00-01_to_12-00-01.mp4,1901816125,yes
CH05,CH05_2026-07-09_12-00-01_to_13-00-01.mp4,1902440282,yes
CH05,CH05_2026-07-09_13-00-01_to_14-00-00.mp4,1901295585,yes
CH05,CH05_2026-07-09_14-00-00_to_15-00-01.mp4,1902573818,yes
CH05,CH05_2026-07-09_15-00-01_to_16-00-01.mp4,1901133436,yes
CH05,CH05_2026-07-09_16-00-01_to_17-00-01.mp4,1902084222,yes
CH05,CH05_2026-07-09_17-00-01_to_18-00-01.mp4,1902755706,yes
CH05,CH05_2026-07-09_18-00-01_to_19-00-00.mp4,1902157746,yes
CH05,CH05_2026-07-09_19-00-00_to_20-00-00.mp4,1902525238,yes
CH05,CH05_2026-07-09_20-00-00_to_21-00-00.mp4,1902806028,yes
CH05,CH05_2026-07-09_21-00-00_to_22-00-00.mp4,1902787347,yes
CH05,CH05_2026-07-09_22-00-00_to_23-00-00.mp4,1902737778,yes
CH05,CH05_2026-07-09_23-00-00_to_00-00-01.mp4,1903856371,yes
CH05,CH05_2026-07-10_00-00-01_to_01-00-01.mp4,1902710554,yes
CH05,CH05_2026-07-10_01-00-01_to_02-00-01.mp4,1902764270,yes
CH05,CH05_2026-07-10_02-00-01_to_03-00-01.mp4,1902753120,yes
CH05,CH05_2026-07-10_03-00-01_to_04-00-00.mp4,1882930169,yes
CH05,CH05_2026-07-10_04-00-00_to_05-00-00.mp4,1902684976,yes
CH05,CH05_2026-07-10_05-00-00_to_06-00-00.mp4,1902674850,yes
CH05,CH05_2026-07-10_06-00-00_to_07-00-00.mp4,1902421637,yes
CH05,CH05_2026-07-10_07-00-00_to_08-00-00.mp4,1902843026,yes
CH05,CH05_2026-07-10_08-00-00_to_09-00-01.mp4,1904096850,yes
CH05,CH05_2026-07-10_09-00-01_to_10-00-01.mp4,1902689392,yes
CH05,CH05_2026-07-10_10-00-01_to_11-00-01.mp4,1902573189,yes
CH05,CH05_2026-07-10_11-00-01_to_12-00-01.mp4,1902331124,yes
CH05,CH05_2026-07-10_12-00-01_to_13-00-00.mp4,1901464098,yes
CH05,CH05_2026-07-10_13-00-00_to_14-00-00.mp4,1900705446,yes
CH05,CH05_2026-07-10_14-00-00_to_15-00-00.mp4,1901910254,yes
CH05,CH05_2026-07-10_15-00-00_to_16-00-00.mp4,1902241789,yes
CH05,CH05_2026-07-10_16-00-00_to_17-00-00.mp4,1901987157,yes
CH05,CH05_2026-07-10_17-00-00_to_18-00-00.mp4,1902397171,yes
CH05,CH05_2026-07-10_18-00-00_to_19-00-01.mp4,1903936483,yes
CH05,CH05_2026-07-10_19-00-01_to_20-00-01.mp4,1902451228,yes
CH05,CH05_2026-07-10_20-00-01_to_21-00-01.mp4,1902881284,yes
CH05,CH05_2026-07-10_21-00-01_to_22-00-01.mp4,1902774243,yes
CH05,CH05_2026-07-10_22-00-01_to_23-00-00.mp4,1902772092,yes
CH05,CH05_2026-07-10_23-00-00_to_00-00-00.mp4,1902758790,yes
CH05,CH05_2026-07-11_00-00-00_to_01-00-00.mp4,1902721475,yes
CH05,CH05_2026-07-11_01-00-00_to_02-00-00.mp4,1902746477,yes
CH05,CH05_2026-07-11_02-00-00_to_03-00-01.mp4,1903823303,yes
CH05,CH05_2026-07-11_03-00-01_to_04-00-01.mp4,1902796100,yes
CH05,CH05_2026-07-11_04-00-01_to_05-00-01.mp4,1902684767,yes
CH05,CH05_2026-07-11_05-00-01_to_06-00-01.mp4,1902679165,yes
CH05,CH05_2026-07-11_06-00-01_to_07-00-01.mp4,1902593985,yes
CH05,CH05_2026-07-11_07-00-01_to_08-00-00.mp4,1902674966,yes
CH05,CH05_2026-07-11_08-00-00_to_09-00-00.mp4,1902843100,yes
CH05,CH05_2026-07-11_09-00-00_to_10-00-00.mp4,1902738979,yes
CH05,CH05_2026-07-11_10-00-00_to_11-00-00.mp4,1902666236,yes
CH05,CH05_2026-07-11_11-00-00_to_12-00-00.mp4,1902397430,yes
CH05,CH05_2026-07-11_12-00-00_to_13-00-01.mp4,1903954435,yes
CH05,CH05_2026-07-11_13-00-01_to_14-00-01.mp4,1901804876,yes
CH05,CH05_2026-07-11_14-00-01_to_15-00-01.mp4,1902445347,yes
CH05,CH05_2026-07-11_15-00-01_to_16-00-01.mp4,1902626962,yes
CH05,CH05_2026-07-11_16-00-01_to_17-00-00.mp4,1902297284,yes
CH05,CH05_2026-07-11_17-00-00_to_18-00-00.mp4,1902860107,yes
CH05,CH05_2026-07-11_18-00-00_to_19-00-00.mp4,1901801991,yes
CH05,CH05_2026-07-11_19-00-00_to_20-00-00.mp4,1902641881,yes
CH05,CH05_2026-07-11_20-00-00_to_21-00-00.mp4,1902827931,yes
CH05,CH05_2026-07-11_21-00-00_to_22-00-00.mp4,1902777225,yes
CH05,CH05_2026-07-11_22-00-00_to_23-00-00.mp4,1902787428,yes
CH05,CH05_2026-07-11_23-00-00_to_00-00-01.mp4,1903797145,yes
CH05,CH05_2026-07-12_00-00-01_to_01-00-01.mp4,1902753326,yes
CH05,CH05_2026-07-12_01-00-01_to_02-00-01.mp4,1902745267,yes
CH05,CH05_2026-07-12_02-00-01_to_03-00-01.mp4,1902733772,yes
CH05,CH05_2026-07-12_03-00-01_to_04-00-00.mp4,1902736363,yes
CH05,CH05_2026-07-12_04-00-00_to_05-00-00.mp4,1902786910,yes
CH05,CH05_2026-07-12_05-00-00_to_06-00-00.mp4,1902474983,yes
CH05,CH05_2026-07-12_06-00-00_to_07-00-00.mp4,1903396132,yes
CH05,CH05_2026-07-12_07-00-00_to_08-00-00.mp4,1902647214,yes
CH05,CH05_2026-07-12_08-00-00_to_09-00-01.mp4,1903993242,yes
CH05,CH05_2026-07-12_09-00-01_to_10-00-01.mp4,1902775090,yes
CH05,CH05_2026-07-12_10-00-01_to_11-00-01.mp4,1902920056,yes
CH05,CH05_2026-07-12_11-00-01_to_12-00-01.mp4,1902463565,yes
CH05,CH05_2026-07-12_12-00-01_to_13-00-01.mp4,1902786479,yes
CH05,CH05_2026-07-12_13-00-01_to_14-00-00.mp4,1901672464,yes
CH05,CH05_2026-07-12_14-00-00_to_14-01-53.mp4,781373,yes
CH05,CH05_2026-07-12_14-01-53_to_15-00-01.mp4,1837399646,yes
CH05,CH05_2026-07-12_15-00-01.mp4,1302069475,NO
CH06,CH06_2026-06-25_16-04-55.mp4,1733476566,NO
CH06,CH06_2026-06-25_17-00-33.mp4,113743013,NO
CH06,CH06_2026-06-27_00-00-01_to_01-00-01.mp4,1902728275,yes
CH06,CH06_2026-06-27_01-00-01_to_02-00-01.mp4,1902774577,yes
CH06,CH06_2026-06-27_02-00-01_to_03-00-00.mp4,1902736508,yes
CH06,CH06_2026-06-27_03-00-00_to_04-00-00.mp4,1902727426,yes
CH06,CH06_2026-06-27_04-00-00_to_05-00-00.mp4,1902737749,yes
CH06,CH06_2026-06-27_05-00-00_to_06-00-00.mp4,1902672393,yes
CH06,CH06_2026-06-27_06-00-00_to_07-00-00.mp4,1902502493,yes
CH06,CH06_2026-06-27_07-00-00_to_08-00-01.mp4,1903897357,yes
CH06,CH06_2026-06-27_08-00-01_to_09-00-01.mp4,1902252860,yes
CH06,CH06_2026-06-27_09-00-01_to_10-00-01.mp4,1901607168,yes
CH06,CH06_2026-06-27_10-00-01_to_11-00-01.mp4,1902504616,yes
CH06,CH06_2026-06-27_11-00-01_to_12-00-00.mp4,1902327733,yes
CH06,CH06_2026-06-27_12-00-00_to_13-00-00.mp4,1902391373,yes
CH06,CH06_2026-06-27_13-00-00_to_14-00-00.mp4,1901691894,yes
CH06,CH06_2026-06-27_14-00-00_to_15-00-00.mp4,1902756880,yes
CH06,CH06_2026-06-27_15-00-00_to_16-00-00.mp4,1902469957,yes
CH06,CH06_2026-06-27_16-00-00_to_17-00-01.mp4,1903909927,yes
CH06,CH06_2026-06-27_17-00-01_to_18-00-01.mp4,1902231701,yes
CH06,CH06_2026-06-27_18-00-01_to_19-00-01.mp4,1902267616,yes
CH06,CH06_2026-06-27_19-00-01_to_20-00-00.mp4,1902310015,yes
CH06,CH06_2026-06-27_20-00-00_to_21-00-01.mp4,1903763188,yes
CH06,CH06_2026-06-27_21-00-01_to_22-00-01.mp4,1903015232,yes
CH06,CH06_2026-06-27_22-00-01_to_23-00-01.mp4,1848413358,yes
CH06,CH06_2026-06-27_23-00-01_to_00-00-00.mp4,1525125258,yes
CH06,CH06_2026-06-28_00-00-00_to_01-00-00.mp4,1525223332,yes
CH06,CH06_2026-06-28_01-00-00.mp4,392107106,NO
CH06,CH06_2026-06-28_01-16-25.mp4,10598396,NO
CH06,CH06_2026-06-28_01-18-27_to_02-00-00.mp4,1056627529,yes
CH06,CH06_2026-06-28_02-00-00_to_03-01-14.mp4,1525684938,yes
CH06,CH06_2026-06-28_03-01-14_to_04-00-01.mp4,1494682425,yes
CH06,CH06_2026-06-28_04-00-01_to_05-00-00.mp4,1525198158,yes
CH06,CH06_2026-06-28_05-00-00_to_06-00-00.mp4,1525225064,yes
CH06,CH06_2026-06-28_06-00-00_to_07-00-00.mp4,1525090539,yes
CH06,CH06_2026-06-28_07-00-00_to_08-00-00.mp4,1525131196,yes
CH06,CH06_2026-06-28_08-00-00_to_09-00-01.mp4,1526009748,yes
CH06,CH06_2026-06-28_09-00-01_to_10-00-01.mp4,1525220019,yes
CH06,CH06_2026-06-28_10-00-01_to_11-00-01.mp4,1525166517,yes
CH06,CH06_2026-06-28_11-00-01_to_12-00-01.mp4,1525173625,yes
CH06,CH06_2026-06-28_12-00-01_to_13-00-01.mp4,1525267000,yes
CH06,CH06_2026-06-28_13-00-01_to_14-00-00.mp4,1524257210,yes
CH06,CH06_2026-06-28_14-00-00_to_15-00-00.mp4,1525373419,yes
CH06,CH06_2026-06-28_15-00-00_to_16-00-01.mp4,1525884139,yes
CH06,CH06_2026-06-28_16-00-01_to_17-00-01.mp4,1525121422,yes
CH06,CH06_2026-06-28_17-00-01_to_18-00-00.mp4,1525234552,yes
CH06,CH06_2026-06-28_18-00-00_to_19-00-00.mp4,1525093735,yes
CH06,CH06_2026-06-28_19-00-00_to_20-00-01.mp4,1527665856,yes
CH06,CH06_2026-06-28_20-00-01_to_21-00-01.mp4,1526096129,yes
CH06,CH06_2026-06-28_21-00-01_to_22-00-01.mp4,1527425627,yes
CH06,CH06_2026-06-28_22-00-01_to_23-00-01.mp4,1526303491,yes
CH06,CH06_2026-06-28_23-00-01_to_00-00-01.mp4,1525834573,yes
CH06,CH06_2026-06-29_00-00-01_to_01-00-01.mp4,1526900480,yes
CH06,CH06_2026-06-29_01-00-01_to_02-00-01.mp4,1525191006,yes
CH06,CH06_2026-06-29_02-00-01_to_03-00-01.mp4,1525172805,yes
CH06,CH06_2026-06-29_03-00-01_to_04-00-00.mp4,1525181928,yes
CH06,CH06_2026-06-29_04-00-00_to_05-00-00.mp4,1525166784,yes
CH06,CH06_2026-06-29_05-00-00_to_06-00-01.mp4,1526504580,yes
CH06,CH06_2026-06-29_06-00-01_to_07-00-01.mp4,1527290805,yes
CH06,CH06_2026-06-29_07-00-01_to_08-00-00.mp4,1524946276,yes
CH06,CH06_2026-06-29_08-00-00_to_09-00-02.mp4,1527683755,yes
CH06,CH06_2026-06-29_09-00-02_to_10-00-01.mp4,1525910762,yes
CH06,CH06_2026-06-29_10-00-01_to_11-00-01.mp4,1527512121,yes
CH06,CH06_2026-06-29_11-00-01_to_12-00-01.mp4,1525170687,yes
CH06,CH06_2026-06-29_12-00-01_to_13-00-00.mp4,1515399192,yes
CH06,CH06_2026-06-29_13-00-00_to_13-17-22.mp4,438042115,yes
CH06,CH06_2026-06-29_13-17-22_to_14-00-00.mp4,1085077507,yes
CH06,CH06_2026-06-29_14-00-00_to_15-00-00.mp4,1525083806,yes
CH06,CH06_2026-06-29_14-39-02_to_14-59-57.mp4,534253601,yes
CH06,CH06_2026-06-29_14-59-56_to_15-35-19.mp4,902069143,yes
CH06,CH06_2026-06-29_15-00-00.mp4,17563804,NO
CH06,CH06_2026-06-29_15-35-20_to_15-59-57.mp4,628445710,yes
CH06,CH06_2026-06-29_15-59-58_to_16-19-59.mp4,511485200,yes
CH06,CH06_2026-06-29_17-46-31_to_18-00-01.mp4,344030959,yes
CH06,CH06_2026-06-29_18-00-01_to_19-00-01.mp4,1525030411,yes
CH06,CH06_2026-06-29_19-00-01_to_20-00-00.mp4,1525188988,yes
CH06,CH06_2026-06-29_20-00-00_to_21-00-01.mp4,1530106231,yes
CH06,CH06_2026-06-29_21-00-01_to_22-00-01.mp4,1525656374,yes
CH06,CH06_2026-06-29_22-00-01_to_23-00-00.mp4,1525108648,yes
CH06,CH06_2026-06-29_23-00-00_to_00-00-00.mp4,1525176175,yes
CH06,CH06_2026-06-30_00-00-00_to_01-00-01.mp4,1526533895,yes
CH06,CH06_2026-06-30_01-00-01_to_02-00-01.mp4,1525177346,yes
CH06,CH06_2026-06-30_02-00-01_to_03-00-01.mp4,1525822964,yes
CH06,CH06_2026-06-30_03-00-01_to_04-00-01.mp4,1525182560,yes
CH06,CH06_2026-06-30_04-00-01_to_05-00-01.mp4,1525184095,yes
CH06,CH06_2026-06-30_05-00-01_to_06-00-00.mp4,1525130102,yes
CH06,CH06_2026-06-30_06-00-00_to_07-00-01.mp4,1526806052,yes
CH06,CH06_2026-06-30_07-00-01_to_08-00-01.mp4,1525106329,yes
CH06,CH06_2026-06-30_08-00-01_to_09-00-01.mp4,1525547292,yes
CH06,CH06_2026-06-30_09-00-01_to_10-00-01.mp4,1494020552,yes
CH06,CH06_2026-06-30_10-00-01_to_11-00-01.mp4,1525428777,yes
CH06,CH06_2026-06-30_11-00-01_to_12-00-01.mp4,1525443953,yes
CH06,CH06_2026-06-30_12-00-01_to_13-00-00.mp4,1525444994,yes
CH06,CH06_2026-06-30_13-00-00_to_14-00-01.mp4,1527587788,yes
CH06,CH06_2026-06-30_14-00-01_to_15-00-01.mp4,1526294293,yes
CH06,CH06_2026-06-30_15-00-01_to_16-00-01.mp4,1527186094,yes
CH06,CH06_2026-06-30_16-00-01_to_17-00-00.mp4,1526871848,yes
CH06,CH06_2026-06-30_17-00-00_to_18-00-01.mp4,1526123393,yes
CH06,CH06_2026-06-30_18-00-01_to_19-00-00.mp4,1524987327,yes
CH06,CH06_2026-06-30_19-00-00_to_20-00-00.mp4,1521688096,yes
CH06,CH06_2026-06-30_20-00-00_to_21-00-00.mp4,1526621306,yes
CH06,CH06_2026-06-30_21-00-00_to_22-00-00.mp4,1526287980,yes
CH06,CH06_2026-06-30_22-00-00_to_23-00-01.mp4,1526041270,yes
CH06,CH06_2026-06-30_23-00-01_to_00-00-01.mp4,1525182055,yes
CH06,CH06_2026-07-01_00-00-01_to_01-00-01.mp4,1525178259,yes
CH06,CH06_2026-07-01_01-00-01_to_02-00-01.mp4,1525184719,yes
CH06,CH06_2026-07-01_02-00-01_to_03-00-01.mp4,1525183677,yes
CH06,CH06_2026-07-01_03-00-01_to_04-00-00.mp4,1525218683,yes
CH06,CH06_2026-07-01_04-00-00_to_05-00-00.mp4,1525146998,yes
CH06,CH06_2026-07-01_05-00-00_to_06-00-00.mp4,1525156513,yes
CH06,CH06_2026-07-01_06-00-00_to_07-00-00.mp4,1525117686,yes
CH06,CH06_2026-07-01_07-00-00_to_08-00-01.mp4,1527148188,yes
CH06,CH06_2026-07-01_08-00-01_to_09-00-01.mp4,1525201432,yes
CH06,CH06_2026-07-01_09-00-01_to_10-00-00.mp4,1524309443,yes
CH06,CH06_2026-07-01_10-00-00_to_11-00-01.mp4,1526697204,yes
CH06,CH06_2026-07-01_11-00-01_to_12-00-01.mp4,1525785540,yes
CH06,CH06_2026-07-01_12-00-01_to_13-00-00.mp4,1525550489,yes
CH06,CH06_2026-07-01_13-00-00_to_14-00-00.mp4,1525035054,yes
CH06,CH06_2026-07-01_14-00-00_to_15-00-00.mp4,1516958951,yes
CH06,CH06_2026-07-01_15-00-00_to_16-00-00.mp4,1520858972,yes
CH06,CH06_2026-07-01_16-00-00_to_17-00-00.mp4,1525359226,yes
CH06,CH06_2026-07-01_17-00-00_to_18-00-01.mp4,1526080540,yes
CH06,CH06_2026-07-01_18-00-01_to_19-00-01.mp4,1525035772,yes
CH06,CH06_2026-07-01_19-00-01_to_20-00-01.mp4,1525542591,yes
CH06,CH06_2026-07-01_20-00-01_to_21-00-01.mp4,1525457319,yes
CH06,CH06_2026-07-01_21-00-01_to_22-00-00.mp4,1525735432,yes
CH06,CH06_2026-07-01_22-00-00_to_23-00-01.mp4,1525847464,yes
CH06,CH06_2026-07-01_23-00-01_to_00-00-01.mp4,1525181555,yes
CH06,CH06_2026-07-02_00-00-01_to_01-00-00.mp4,1524937450,yes
CH06,CH06_2026-07-02_01-00-00_to_02-00-00.mp4,1525151404,yes
CH06,CH06_2026-07-02_02-00-00_to_03-00-00.mp4,1525243455,yes
CH06,CH06_2026-07-02_03-00-00_to_04-00-00.mp4,1525157928,yes
CH06,CH06_2026-07-02_04-00-00_to_05-00-00.mp4,1525179537,yes
CH06,CH06_2026-07-02_05-00-00_to_06-00-01.mp4,1525988537,yes
CH06,CH06_2026-07-02_06-00-01_to_07-00-01.mp4,1525152703,yes
CH06,CH06_2026-07-02_07-00-01_to_08-00-00.mp4,1525193288,yes
CH06,CH06_2026-07-02_08-00-00_to_08-35-06.mp4,738198749,yes
CH06,CH06_2026-07-02_08-35-06_to_08-41-14.mp4,5505052,yes
CH06,CH06_2026-07-02_08-41-14_to_08-48-54.mp4,11796508,yes
CH06,CH06_2026-07-02_08-48-54_to_08-56-00.mp4,10223644,yes
CH06,CH06_2026-07-02_08-56-00_to_09-02-35.mp4,8388636,yes
CH06,CH06_2026-07-02_09-02-35_to_09-07-59.mp4,6815772,yes
CH06,CH06_2026-07-02_09-07-59_to_09-14-09.mp4,6291484,yes
CH06,CH06_2026-07-02_09-14-09_to_10-00-01.mp4,1134512313,yes
CH06,CH06_2026-07-02_10-00-01_to_10-06-34.mp4,20971548,yes
CH06,CH06_2026-07-02_10-06-34_to_10-12-58.mp4,13107228,yes
CH06,CH06_2026-07-02_10-12-58_to_11-00-00.mp4,1196370859,yes
CH06,CH06_2026-07-02_11-00-00_to_12-00-01.mp4,1526279671,yes
CH06,CH06_2026-07-02_12-00-01_to_13-00-01.mp4,1525540813,yes
CH06,CH06_2026-07-02_13-00-01_to_14-00-01.mp4,1526247209,yes
CH06,CH06_2026-07-02_14-00-01_to_15-00-01.mp4,1525621283,yes
CH06,CH06_2026-07-02_15-00-01_to_16-00-01.mp4,1525438856,yes
CH06,CH06_2026-07-02_16-00-01_to_17-00-00.mp4,1525059351,yes
CH06,CH06_2026-07-02_17-00-00_to_18-00-00.mp4,1525162201,yes
CH06,CH06_2026-07-02_18-00-00_to_19-00-00.mp4,1525214713,yes
CH06,CH06_2026-07-02_19-00-00_to_20-00-00.mp4,1525094114,yes
CH06,CH06_2026-07-02_20-00-00_to_21-00-00.mp4,1525925452,yes
CH06,CH06_2026-07-02_21-00-00_to_22-00-00.mp4,1526423785,yes
CH06,CH06_2026-07-02_22-00-00_to_23-00-00.mp4,1525180683,yes
CH06,CH06_2026-07-02_23-00-00_to_00-02-37.mp4,1469190719,yes
CH06,CH06_2026-07-03_00-02-37_to_00-12-14.mp4,9283960,yes
CH06,CH06_2026-07-03_00-12-14_to_01-00-01.mp4,1215066691,yes
CH06,CH06_2026-07-03_01-00-01_to_02-00-01.mp4,1525190053,yes
CH06,CH06_2026-07-03_02-00-01_to_03-00-01.mp4,1525209422,yes
CH06,CH06_2026-07-03_03-00-01_to_04-00-01.mp4,1525171945,yes
CH06,CH06_2026-07-03_04-00-01_to_05-00-00.mp4,1525169433,yes
CH06,CH06_2026-07-03_05-00-00_to_06-00-00.mp4,1525151834,yes
CH06,CH06_2026-07-03_06-00-00_to_07-00-00.mp4,1525265789,yes
CH06,CH06_2026-07-03_07-00-00_to_08-00-01.mp4,1525920378,yes
CH06,CH06_2026-07-03_08-00-01_to_09-00-01.mp4,1525266418,yes
CH06,CH06_2026-07-03_09-00-01_to_10-00-01.mp4,1525901011,yes
CH06,CH06_2026-07-03_10-00-01_to_11-00-01.mp4,1525334980,yes
CH06,CH06_2026-07-03_11-00-01_to_12-00-00.mp4,1526053125,yes
CH06,CH06_2026-07-03_12-00-00_to_13-00-00.mp4,1525758608,yes
CH06,CH06_2026-07-03_13-00-00_to_14-16-53.mp4,1380800697,yes
CH06,CH06_2026-07-03_14-16-53_to_14-31-23.mp4,1786855,yes
CH06,CH06_2026-07-03_14-31-23_to_15-00-00.mp4,728137515,yes
CH06,CH06_2026-07-03_15-00-00_to_16-00-01.mp4,1526174665,yes
CH06,CH06_2026-07-03_16-00-01_to_17-00-01.mp4,1525275551,yes
CH06,CH06_2026-07-03_17-00-01_to_18-00-00.mp4,1523640136,yes
CH06,CH06_2026-07-03_18-00-00_to_19-00-00.mp4,1526235158,yes
CH06,CH06_2026-07-03_19-00-00_to_20-00-00.mp4,1525000390,yes
CH06,CH06_2026-07-03_20-00-00_to_21-00-00.mp4,1526115531,yes
CH06,CH06_2026-07-03_21-00-00_to_22-00-00.mp4,1525188195,yes
CH06,CH06_2026-07-03_22-00-00_to_23-00-00.mp4,1525120011,yes
CH06,CH06_2026-07-03_23-00-00_to_00-00-00.mp4,1525165918,yes
CH06,CH06_2026-07-04_00-00-00_to_01-00-01.mp4,1526049531,yes
CH06,CH06_2026-07-04_01-00-01_to_02-00-01.mp4,1525183747,yes
CH06,CH06_2026-07-04_02-00-01_to_03-00-01.mp4,1525197052,yes
CH06,CH06_2026-07-04_03-00-01_to_04-00-01.mp4,1525162474,yes
CH06,CH06_2026-07-04_04-00-01_to_05-00-00.mp4,1525186818,yes
CH06,CH06_2026-07-04_05-00-00_to_06-00-00.mp4,1525152245,yes
CH06,CH06_2026-07-04_06-00-00_to_07-00-00.mp4,1525240410,yes
CH06,CH06_2026-07-04_07-00-00_to_08-00-00.mp4,1525279149,yes
CH06,CH06_2026-07-04_08-00-00_to_09-00-02.mp4,1526206698,yes
CH06,CH06_2026-07-04_09-00-02_to_10-00-01.mp4,1525322943,yes
CH06,CH06_2026-07-04_10-00-01_to_11-00-01.mp4,1526095537,yes
CH06,CH06_2026-07-04_11-00-01_to_12-00-01.mp4,1525627409,yes
CH06,CH06_2026-07-04_12-00-01_to_13-00-01.mp4,1525393817,yes
CH06,CH06_2026-07-04_13-00-01_to_14-00-00.mp4,1524813146,yes
CH06,CH06_2026-07-04_14-00-00_to_15-00-00.mp4,1525188882,yes
CH06,CH06_2026-07-04_15-00-00_to_16-00-00.mp4,1525724833,yes
CH06,CH06_2026-07-04_16-00-00_to_17-00-01.mp4,1526135090,yes
CH06,CH06_2026-07-04_17-00-01_to_18-00-00.mp4,1525107769,yes
CH06,CH06_2026-07-04_18-00-00_to_19-00-01.mp4,1526370679,yes
CH06,CH06_2026-07-04_19-00-01_to_20-00-01.mp4,1525155268,yes
CH06,CH06_2026-07-04_20-00-01_to_21-00-01.mp4,1525260222,yes
CH06,CH06_2026-07-04_21-00-01_to_22-00-00.mp4,1524911142,yes
CH06,CH06_2026-07-04_22-00-00_to_23-00-00.mp4,1525114840,yes
CH06,CH06_2026-07-04_23-00-00_to_00-00-01.mp4,1526036573,yes
CH06,CH06_2026-07-05_00-00-01_to_01-00-01.mp4,1525187248,yes
CH06,CH06_2026-07-05_01-00-01_to_02-00-01.mp4,1525194621,yes
CH06,CH06_2026-07-05_02-00-01_to_03-00-01.mp4,1525170444,yes
CH06,CH06_2026-07-05_03-00-01_to_04-00-01.mp4,1525193329,yes
CH06,CH06_2026-07-05_04-00-01_to_05-00-00.mp4,1525203638,yes
CH06,CH06_2026-07-05_05-00-00_to_06-00-00.mp4,1525284173,yes
CH06,CH06_2026-07-05_06-00-00_to_07-00-00.mp4,1525169815,yes
CH06,CH06_2026-07-05_07-00-00_to_08-00-00.mp4,1525078797,yes
CH06,CH06_2026-07-05_08-00-00_to_09-00-00.mp4,1525259533,yes
CH06,CH06_2026-07-05_09-00-00_to_10-00-00.mp4,1526938882,yes
CH06,CH06_2026-07-05_10-00-00_to_11-00-00.mp4,1525474876,yes
CH06,CH06_2026-07-05_11-00-00_to_12-00-00.mp4,1525312234,yes
CH06,CH06_2026-07-05_12-00-00_to_12-06-59.mp4,8912924,yes
CH06,CH06_2026-07-05_12-06-59_to_12-13-03.mp4,2883612,yes
CH06,CH06_2026-07-05_12-13-03_to_12-18-31.mp4,16253474,yes
CH06,CH06_2026-07-05_12-18-31_to_13-00-00.mp4,842531774,yes
CH06,CH06_2026-07-05_13-00-00_to_14-05-04.mp4,1525160721,yes
CH06,CH06_2026-07-05_14-05-04_to_15-00-01.mp4,1397178743,yes
CH06,CH06_2026-07-05_15-00-01_to_16-00-01.mp4,1525761783,yes
CH06,CH06_2026-07-05_16-00-01_to_16-05-44.mp4,16252956,yes
CH06,CH06_2026-07-05_16-05-44_to_16-12-52.mp4,8126492,yes
CH06,CH06_2026-07-05_16-12-52_to_17-00-00.mp4,1196699134,yes
CH06,CH06_2026-07-05_17-00-00_to_18-00-01.mp4,1527529986,yes
CH06,CH06_2026-07-05_18-00-01_to_19-00-01.mp4,1527221700,yes
CH06,CH06_2026-07-05_19-00-01_to_20-00-01.mp4,1525184665,yes
CH06,CH06_2026-07-05_20-00-01_to_21-00-00.mp4,1525207978,yes
CH06,CH06_2026-07-05_21-00-00_to_22-00-00.mp4,1525168991,yes
CH06,CH06_2026-07-05_22-00-00_to_23-00-00.mp4,1525188618,yes
CH06,CH06_2026-07-05_23-00-00_to_00-00-00.mp4,1525186058,yes
CH06,CH06_2026-07-06_00-00-00_to_01-00-01.mp4,1526032184,yes
CH06,CH06_2026-07-06_01-00-01_to_02-00-01.mp4,1525232168,yes
CH06,CH06_2026-07-06_02-00-01_to_03-00-01.mp4,1525167505,yes
CH06,CH06_2026-07-06_03-00-01_to_04-00-01.mp4,1525178784,yes
CH06,CH06_2026-07-06_04-00-01_to_05-00-00.mp4,1525194624,yes
CH06,CH06_2026-07-06_05-00-00_to_06-00-01.mp4,1526684303,yes
CH06,CH06_2026-07-06_06-00-01_to_07-00-01.mp4,1525241509,yes
CH06,CH06_2026-07-06_07-00-01_to_08-00-00.mp4,1525085765,yes
CH06,CH06_2026-07-06_08-00-00_to_09-00-00.mp4,1525383216,yes
CH06,CH06_2026-07-06_09-00-00_to_10-00-00.mp4,1525391746,yes
CH06,CH06_2026-07-06_10-00-00_to_11-00-00.mp4,1525339978,yes
CH06,CH06_2026-07-06_11-00-00_to_12-00-01.mp4,1526152941,yes
CH06,CH06_2026-07-06_12-00-01_to_13-00-01.mp4,1525397601,yes
CH06,CH06_2026-07-06_13-00-01_to_14-00-01.mp4,1524432264,yes
CH06,CH06_2026-07-06_14-00-01_to_15-00-01.mp4,1525684889,yes
CH06,CH06_2026-07-06_15-00-01_to_16-00-01.mp4,1525170931,yes
CH06,CH06_2026-07-06_16-00-01_to_17-00-00.mp4,1525679252,yes
CH06,CH06_2026-07-06_17-00-00_to_18-00-00.mp4,1525455186,yes
CH06,CH06_2026-07-06_18-00-00_to_19-00-00.mp4,1525191803,yes
CH06,CH06_2026-07-06_19-00-00_to_20-00-00.mp4,1525280058,yes
CH06,CH06_2026-07-06_20-00-00_to_21-00-01.mp4,1525900462,yes
CH06,CH06_2026-07-06_21-00-01_to_22-00-01.mp4,1525179745,yes
CH06,CH06_2026-07-06_22-00-01_to_23-00-01.mp4,1525182762,yes
CH06,CH06_2026-07-06_23-00-01_to_00-00-01.mp4,1525188313,yes
CH06,CH06_2026-07-07_00-00-01_to_01-00-01.mp4,1525187200,yes
CH06,CH06_2026-07-07_01-00-01_to_02-00-00.mp4,1525188864,yes
CH06,CH06_2026-07-07_02-00-00_to_03-00-01.mp4,1525822344,yes
CH06,CH06_2026-07-07_03-00-01_to_04-00-00.mp4,1525141122,yes
CH06,CH06_2026-07-07_04-00-00_to_05-00-00.mp4,1525192671,yes
CH06,CH06_2026-07-07_05-00-00_to_06-00-01.mp4,1525905625,yes
CH06,CH06_2026-07-07_06-00-01_to_07-00-01.mp4,1525236723,yes
CH06,CH06_2026-07-07_07-00-01_to_08-00-00.mp4,1525593585,yes
CH06,CH06_2026-07-07_08-00-00_to_09-00-01.mp4,1525970985,yes
CH06,CH06_2026-07-07_09-00-01_to_10-00-01.mp4,1526357816,yes
CH06,CH06_2026-07-07_10-00-01_to_11-00-01.mp4,1525261969,yes
CH06,CH06_2026-07-07_11-00-01_to_12-00-01.mp4,1525196184,yes
CH06,CH06_2026-07-07_12-00-01_to_13-00-01.mp4,1525727582,yes
CH06,CH06_2026-07-07_13-00-01_to_14-00-00.mp4,1524754030,yes
CH06,CH06_2026-07-07_14-00-00_to_15-00-01.mp4,1525903994,yes
CH06,CH06_2026-07-07_15-00-01_to_16-00-01.mp4,1526773362,yes
CH06,CH06_2026-07-07_16-00-01_to_17-00-00.mp4,1526797734,yes
CH06,CH06_2026-07-07_17-00-00_to_18-00-00.mp4,1525167621,yes
CH06,CH06_2026-07-07_18-00-00_to_19-00-01.mp4,1526035456,yes
CH06,CH06_2026-07-07_19-00-01_to_20-00-01.mp4,1525106859,yes
CH06,CH06_2026-07-07_20-00-01_to_21-00-01.mp4,1525287208,yes
CH06,CH06_2026-07-07_21-00-01_to_22-00-01.mp4,1525444572,yes
CH06,CH06_2026-07-07_22-00-01_to_23-00-01.mp4,1525181195,yes
CH06,CH06_2026-07-07_23-00-01_to_00-00-00.mp4,1525712675,yes
CH06,CH06_2026-07-08_00-00-00_to_01-00-00.mp4,1525190038,yes
CH06,CH06_2026-07-08_01-00-00_to_02-00-01.mp4,1526026418,yes
CH06,CH06_2026-07-08_02-00-01_to_03-00-01.mp4,1525163365,yes
CH06,CH06_2026-07-08_03-00-01_to_04-00-01.mp4,1525184595,yes
CH06,CH06_2026-07-08_04-00-01_to_05-00-01.mp4,1525192049,yes
CH06,CH06_2026-07-08_05-00-01_to_06-00-00.mp4,1525150044,yes
CH06,CH06_2026-07-08_06-00-00_to_07-00-00.mp4,1525174144,yes
CH06,CH06_2026-07-08_07-00-00_to_08-00-00.mp4,1525212626,yes
CH06,CH06_2026-07-08_08-00-00_to_09-00-00.mp4,1525261719,yes
CH06,CH06_2026-07-08_09-00-00_to_10-00-00.mp4,1525153654,yes
CH06,CH06_2026-07-08_10-00-00_to_11-00-01.mp4,1526228262,yes
CH06,CH06_2026-07-08_11-00-01_to_12-00-01.mp4,1525205041,yes
CH06,CH06_2026-07-08_12-00-01_to_13-00-01.mp4,1525175976,yes
CH06,CH06_2026-07-08_13-00-01_to_14-00-01.mp4,1524733815,yes
CH06,CH06_2026-07-08_14-00-01_to_15-00-01.mp4,1525138665,yes
CH06,CH06_2026-07-08_15-00-01_to_16-00-01.mp4,1525530269,yes
CH06,CH06_2026-07-08_16-00-01_to_17-00-01.mp4,1525096670,yes
CH06,CH06_2026-07-08_17-00-01_to_18-00-01.mp4,1525098578,yes
CH06,CH06_2026-07-08_18-00-01_to_19-00-00.mp4,1525100426,yes
CH06,CH06_2026-07-08_19-00-00_to_20-00-00.mp4,1525240270,yes
CH06,CH06_2026-07-08_20-00-00_to_21-00-00.mp4,1525195134,yes
CH06,CH06_2026-07-08_21-00-00_to_22-00-00.mp4,1525193478,yes
CH06,CH06_2026-07-08_22-00-00_to_23-00-01.mp4,1526029024,yes
CH06,CH06_2026-07-08_23-00-01_to_00-00-01.mp4,1525194870,yes
CH06,CH06_2026-07-09_00-00-01_to_01-00-01.mp4,1525196605,yes
CH06,CH06_2026-07-09_01-00-01_to_02-00-01.mp4,1525202817,yes
CH06,CH06_2026-07-09_02-00-01_to_03-00-00.mp4,1525037895,yes
CH06,CH06_2026-07-09_03-00-00_to_04-00-01.mp4,1526048467,yes
CH06,CH06_2026-07-09_04-00-01_to_05-00-01.mp4,1525092561,yes
CH06,CH06_2026-07-09_05-00-01_to_06-00-01.mp4,1525163273,yes
CH06,CH06_2026-07-09_06-00-01_to_07-00-01.mp4,1525174143,yes
CH06,CH06_2026-07-09_07-00-01_to_08-00-00.mp4,1525149734,yes
CH06,CH06_2026-07-09_08-00-00_to_09-00-01.mp4,1525182365,yes
CH06,CH06_2026-07-09_09-00-01_to_10-00-00.mp4,1525326483,yes
CH06,CH06_2026-07-09_10-00-00_to_11-00-01.mp4,1526399171,yes
CH06,CH06_2026-07-09_11-00-01_to_12-00-01.mp4,1525277270,yes
CH06,CH06_2026-07-09_12-00-01_to_13-00-01.mp4,1525194781,yes
CH06,CH06_2026-07-09_13-00-01_to_14-00-00.mp4,1524339949,yes
CH06,CH06_2026-07-09_14-00-00_to_15-00-00.mp4,1526271994,yes
CH06,CH06_2026-07-09_15-00-00_to_16-00-00.mp4,1525653234,yes
CH06,CH06_2026-07-09_16-00-00_to_17-00-01.mp4,1526467555,yes
CH06,CH06_2026-07-09_17-00-01_to_18-00-01.mp4,1525131315,yes
CH06,CH06_2026-07-09_18-00-01_to_19-00-01.mp4,1525259315,yes
CH06,CH06_2026-07-09_19-00-01_to_20-00-01.mp4,1524861249,yes
CH06,CH06_2026-07-09_20-00-01_to_21-00-01.mp4,1525200847,yes
CH06,CH06_2026-07-09_21-00-01_to_22-00-00.mp4,1525190832,yes
CH06,CH06_2026-07-09_22-00-00_to_23-00-00.mp4,1525185352,yes
CH06,CH06_2026-07-09_23-00-00_to_00-00-00.mp4,1525090233,yes
CH06,CH06_2026-07-10_00-00-00_to_01-00-00.mp4,1525181280,yes
CH06,CH06_2026-07-10_01-00-00_to_02-00-01.mp4,1526019249,yes
CH06,CH06_2026-07-10_02-00-01_to_03-00-01.mp4,1525181667,yes
CH06,CH06_2026-07-10_03-00-01_to_04-00-01.mp4,1510426252,yes
CH06,CH06_2026-07-10_04-00-01_to_05-00-01.mp4,1525201280,yes
CH06,CH06_2026-07-10_05-00-01_to_06-00-01.mp4,1525145326,yes
CH06,CH06_2026-07-10_06-00-01_to_06-09-06.mp4,15990812,yes
CH06,CH06_2026-07-10_06-09-06_to_06-16-45.mp4,7864348,yes
CH06,CH06_2026-07-10_06-16-45_to_07-00-00.mp4,1067483034,yes
CH06,CH06_2026-07-10_07-00-00_to_08-00-00.mp4,1525578922,yes
CH06,CH06_2026-07-10_08-00-00_to_08-08-51.mp4,11010076,yes
CH06,CH06_2026-07-10_08-08-51_to_08-14-19.mp4,3407900,yes
CH06,CH06_2026-07-10_08-14-19_to_08-22-29.mp4,7340060,yes
CH06,CH06_2026-07-10_08-22-29_to_09-00-00.mp4,954768469,yes
CH06,CH06_2026-07-10_09-00-00_to_10-00-00.mp4,1525075567,yes
CH06,CH06_2026-07-10_10-00-00_to_11-00-01.mp4,1526187882,yes
CH06,CH06_2026-07-10_11-00-01_to_12-00-01.mp4,1525297482,yes
CH06,CH06_2026-07-10_12-00-01_to_13-00-01.mp4,1526082886,yes
CH06,CH06_2026-07-10_13-00-01_to_14-00-01.mp4,1524287961,yes
CH06,CH06_2026-07-10_14-00-01_to_15-00-01.mp4,1525363699,yes
CH06,CH06_2026-07-10_15-00-01_to_16-00-00.mp4,1525193372,yes
CH06,CH06_2026-07-10_16-00-00_to_17-00-00.mp4,1525321187,yes
CH06,CH06_2026-07-10_17-00-00_to_18-00-00.mp4,1525084855,yes
CH06,CH06_2026-07-10_18-00-00_to_19-00-00.mp4,1525161557,yes
CH06,CH06_2026-07-10_19-00-00_to_20-00-00.mp4,1525179718,yes
CH06,CH06_2026-07-10_20-00-00_to_21-00-01.mp4,1526027936,yes
CH06,CH06_2026-07-10_21-00-01_to_22-00-01.mp4,1525189657,yes
CH06,CH06_2026-07-10_22-00-01_to_23-00-01.mp4,1525190665,yes
CH06,CH06_2026-07-10_23-00-01_to_00-00-01.mp4,1525179994,yes
CH06,CH06_2026-07-11_00-00-01_to_01-00-00.mp4,1525184360,yes
CH06,CH06_2026-07-11_01-00-00_to_02-00-00.mp4,1525176148,yes
CH06,CH06_2026-07-11_02-00-00_to_03-00-00.mp4,1525185124,yes
CH06,CH06_2026-07-11_03-00-00_to_04-00-00.mp4,1525165930,yes
CH06,CH06_2026-07-11_04-00-00_to_05-00-02.mp4,1526032085,yes
CH06,CH06_2026-07-11_05-00-02_to_06-00-01.mp4,1525157607,yes
CH06,CH06_2026-07-11_06-00-01_to_07-00-01.mp4,1525306603,yes
CH06,CH06_2026-07-11_07-00-01_to_08-00-01.mp4,1525105495,yes
CH06,CH06_2026-07-11_08-00-01_to_09-00-01.mp4,1525177831,yes
CH06,CH06_2026-07-11_09-00-01_to_10-00-00.mp4,1525179441,yes
CH06,CH06_2026-07-11_10-00-00_to_11-00-00.mp4,1525323262,yes
CH06,CH06_2026-07-11_11-00-00_to_12-00-00.mp4,1525493836,yes
CH06,CH06_2026-07-11_12-00-00_to_13-00-00.mp4,1525190752,yes
CH06,CH06_2026-07-11_13-00-00_to_14-00-02.mp4,1526307560,yes
CH06,CH06_2026-07-11_14-00-02_to_15-00-01.mp4,1525090158,yes
CH06,CH06_2026-07-11_15-00-01_to_16-00-01.mp4,1525225896,yes
CH06,CH06_2026-07-11_16-00-01_to_17-00-01.mp4,1524977279,yes
CH06,CH06_2026-07-11_17-00-01_to_18-00-01.mp4,1525109166,yes
CH06,CH06_2026-07-11_18-00-01_to_19-00-01.mp4,1524327913,yes
CH06,CH06_2026-07-11_19-00-01_to_20-00-01.mp4,1525223229,yes
CH06,CH06_2026-07-11_20-00-01_to_21-00-00.mp4,1525183526,yes
CH06,CH06_2026-07-11_21-00-00_to_22-00-00.mp4,1525190552,yes
CH06,CH06_2026-07-11_22-00-00_to_23-00-00.mp4,1525205996,yes
CH06,CH06_2026-07-11_23-00-00_to_00-00-00.mp4,1525171887,yes
CH06,CH06_2026-07-12_00-00-00_to_01-00-01.mp4,1526042481,yes
CH06,CH06_2026-07-12_01-00-01_to_02-00-01.mp4,1525186666,yes
CH06,CH06_2026-07-12_02-00-01_to_03-00-01.mp4,1525194983,yes
CH06,CH06_2026-07-12_03-00-01_to_04-00-01.mp4,1525195918,yes
CH06,CH06_2026-07-12_04-00-01_to_05-00-01.mp4,1525175460,yes
CH06,CH06_2026-07-12_05-00-01_to_06-00-00.mp4,1525150146,yes
CH06,CH06_2026-07-12_06-00-00_to_07-00-00.mp4,1526012154,yes
CH06,CH06_2026-07-12_07-00-00_to_08-00-01.mp4,1526733805,yes
CH06,CH06_2026-07-12_08-00-01_to_09-00-01.mp4,1525967548,yes
CH06,CH06_2026-07-12_09-00-01_to_10-00-01.mp4,1525354189,yes
CH06,CH06_2026-07-12_10-00-01_to_11-00-01.mp4,1525218450,yes
CH06,CH06_2026-07-12_11-00-01_to_12-00-01.mp4,1525029718,yes
CH06,CH06_2026-07-12_12-00-01_to_13-00-00.mp4,1525196856,yes
CH06,CH06_2026-07-12_13-00-00_to_14-00-00.mp4,1524330775,yes
CH06,CH06_2026-07-12_14-00-00_to_14-01-55.mp4,828805,yes
CH06,CH06_2026-07-12_14-01-55_to_14-09-23.mp4,15728668,yes
CH06,CH06_2026-07-12_14-09-23_to_14-14-37.mp4,15466524,yes
CH06,CH06_2026-07-12_14-14-37_to_14-20-07.mp4,10747932,yes
CH06,CH06_2026-07-12_14-20-07_to_15-00-01.mp4,1010652452,yes
CH06,CH06_2026-07-12_15-00-01_to_15-08-16.mp4,18874396,yes
CH06,CH06_2026-07-12_15-08-16_to_15-14-52.mp4,4718620,yes
CH06,CH06_2026-07-12_15-14-52_to_15-21-00.mp4,11272220,yes
CH06,CH06_2026-07-12_15-21-00_to_15-26-26.mp4,6553628,yes
CH06,CH06_2026-07-12_15-26-26.mp4,372506918,NO
CH07,CH07_2026-07-07_15-38-36_to_16-00-00.mp4,449485337,yes
CH07,CH07_2026-07-07_16-00-00_to_17-00-00.mp4,1259130633,yes
CH07,CH07_2026-07-07_17-00-00_to_18-00-00.mp4,1258833124,yes
CH07,CH07_2026-07-07_18-00-00_to_19-00-01.mp4,1259512798,yes
CH07,CH07_2026-07-07_19-00-01_to_20-00-01.mp4,1258875845,yes
CH07,CH07_2026-07-07_20-00-01_to_21-00-01.mp4,1258920210,yes
CH07,CH07_2026-07-07_21-00-01_to_22-00-02.mp4,1259851186,yes
CH07,CH07_2026-07-07_22-00-02_to_22-38-41.mp4,750360355,yes
CH07,CH07_2026-07-07_22-38-41_to_22-54-28.mp4,164696299,yes
CH07,CH07_2026-07-07_22-54-28_to_23-00-01.mp4,29296803,yes
CH07,CH07_2026-07-07_23-00-01_to_23-14-04.mp4,72682764,yes
CH07,CH07_2026-07-07_23-14-04_to_00-00-01.mp4,241264793,yes
CH07,CH07_2026-07-08_00-00-01_to_01-00-00.mp4,699236404,yes
CH07,CH07_2026-07-08_01-00-00_to_02-00-00.mp4,799053707,yes
CH07,CH07_2026-07-08_02-00-00_to_03-00-00.mp4,314544167,yes
CH07,CH07_2026-07-08_03-00-00_to_04-00-01.mp4,314671998,yes
CH07,CH07_2026-07-08_04-00-01_to_05-00-00.mp4,314449429,yes
CH07,CH07_2026-07-08_05-00-00_to_06-00-00.mp4,314494065,yes
CH07,CH07_2026-07-08_06-00-00_to_07-00-01.mp4,314917158,yes
CH07,CH07_2026-07-08_07-00-01_to_08-00-01.mp4,314668238,yes
CH07,CH07_2026-07-08_08-00-01_to_09-00-01.mp4,314659794,yes
CH07,CH07_2026-07-08_09-00-01_to_10-00-01.mp4,314662004,yes
CH07,CH07_2026-07-08_10-00-01_to_11-00-01.mp4,314675777,yes
CH07,CH07_2026-07-08_11-00-01_to_12-00-01.mp4,314784907,yes
CH07,CH07_2026-07-08_12-00-01_to_13-00-00.mp4,314669996,yes
CH07,CH07_2026-07-08_13-00-00_to_14-00-01.mp4,314498752,yes
CH07,CH07_2026-07-08_14-00-01_to_15-00-01.mp4,314655294,yes
CH07,CH07_2026-07-08_15-00-01_to_16-00-00.mp4,314670970,yes
CH07,CH07_2026-07-08_16-00-00_to_17-00-00.mp4,314663106,yes
CH07,CH07_2026-07-08_17-00-00_to_18-00-01.mp4,314840652,yes
CH07,CH07_2026-07-08_18-00-01_to_19-00-01.mp4,314660444,yes
CH07,CH07_2026-07-08_19-00-01_to_20-00-00.mp4,314661158,yes
CH07,CH07_2026-07-08_20-00-00_to_21-00-00.mp4,314671145,yes
CH07,CH07_2026-07-08_21-00-00_to_22-00-01.mp4,314688355,yes
CH07,CH07_2026-07-08_22-00-01_to_23-00-00.mp4,314491805,yes
CH07,CH07_2026-07-08_23-00-00_to_00-00-00.mp4,314496527,yes
CH07,CH07_2026-07-09_00-00-00_to_01-00-00.mp4,314499925,yes
CH07,CH07_2026-07-09_01-00-00_to_02-00-00.mp4,314533294,yes
CH07,CH07_2026-07-09_02-00-00_to_03-00-00.mp4,314523231,yes
CH07,CH07_2026-07-09_03-00-00_to_04-00-01.mp4,314669291,yes
CH07,CH07_2026-07-09_04-00-01_to_05-00-01.mp4,314500473,yes
CH07,CH07_2026-07-09_05-00-01_to_06-00-01.mp4,314802926,yes
CH07,CH07_2026-07-09_06-00-01_to_07-00-01.mp4,314673924,yes
CH07,CH07_2026-07-09_07-00-01_to_08-00-01.mp4,314651258,yes
CH07,CH07_2026-07-09_08-00-01_to_09-00-01.mp4,314670898,yes
CH07,CH07_2026-07-09_09-00-01_to_10-00-01.mp4,314663199,yes
CH07,CH07_2026-07-09_10-00-01_to_11-00-00.mp4,314667128,yes
CH07,CH07_2026-07-09_11-00-00_to_12-00-00.mp4,314667982,yes
CH07,CH07_2026-07-09_12-00-00_to_13-00-00.mp4,314663757,yes
CH07,CH07_2026-07-09_13-00-00_to_14-00-01.mp4,314666726,yes
CH07,CH07_2026-07-09_14-00-01_to_15-00-01.mp4,314668739,yes
CH07,CH07_2026-07-09_15-00-01_to_16-00-01.mp4,314665840,yes
CH07,CH07_2026-07-09_16-00-01_to_17-00-00.mp4,314665043,yes
CH07,CH07_2026-07-09_17-00-00_to_18-00-00.mp4,314659507,yes
CH07,CH07_2026-07-09_18-00-00_to_19-00-01.mp4,314828370,yes
CH07,CH07_2026-07-09_19-00-01_to_20-00-01.mp4,314669743,yes
CH07,CH07_2026-07-09_20-00-01_to_21-00-00.mp4,314668587,yes
CH07,CH07_2026-07-09_21-00-00_to_22-00-00.mp4,314695657,yes
CH07,CH07_2026-07-09_22-00-00_to_23-00-00.mp4,314489835,yes
CH07,CH07_2026-07-09_23-00-00_to_00-00-01.mp4,314672773,yes
CH07,CH07_2026-07-10_00-00-01_to_01-00-01.mp4,314499055,yes
CH07,CH07_2026-07-10_01-00-01_to_02-00-01.mp4,314496392,yes
CH07,CH07_2026-07-10_02-00-01_to_03-00-00.mp4,314500434,yes
CH07,CH07_2026-07-10_03-00-00_to_04-00-01.mp4,313767702,yes
CH07,CH07_2026-07-10_04-00-01_to_05-00-01.mp4,314577828,yes
CH07,CH07_2026-07-10_05-00-01_to_06-00-00.mp4,314528840,yes
CH07,CH07_2026-07-10_06-00-00_to_07-00-01.mp4,314845621,yes
CH07,CH07_2026-07-10_07-00-01_to_08-00-01.mp4,314659429,yes
CH07,CH07_2026-07-10_08-00-01_to_09-00-00.mp4,314667964,yes
CH07,CH07_2026-07-10_09-00-00_to_10-00-00.mp4,314668273,yes
CH07,CH07_2026-07-10_10-00-00_to_11-00-00.mp4,314646618,yes
CH07,CH07_2026-07-10_11-00-00_to_12-00-01.mp4,314847143,yes
CH07,CH07_2026-07-10_12-00-01_to_13-00-01.mp4,314671895,yes
CH07,CH07_2026-07-10_13-00-01_to_14-00-01.mp4,314501296,yes
CH07,CH07_2026-07-10_14-00-01_to_15-00-01.mp4,314650730,yes
CH07,CH07_2026-07-10_15-00-01_to_16-00-01.mp4,314672829,yes
CH07,CH07_2026-07-10_16-00-01_to_17-00-00.mp4,314643990,yes
CH07,CH07_2026-07-10_17-00-00_to_18-00-00.mp4,314678720,yes
CH07,CH07_2026-07-10_18-00-00_to_19-00-01.mp4,314840095,yes
CH07,CH07_2026-07-10_19-00-01_to_20-00-01.mp4,314663766,yes
CH07,CH07_2026-07-10_20-00-01_to_21-00-00.mp4,314665964,yes
CH07,CH07_2026-07-10_21-00-00_to_22-00-00.mp4,314643151,yes
CH07,CH07_2026-07-10_22-00-00_to_23-00-01.mp4,314674541,yes
CH07,CH07_2026-07-10_23-00-01_to_00-00-01.mp4,314496339,yes
CH07,CH07_2026-07-11_00-00-01_to_01-00-00.mp4,314499852,yes
CH07,CH07_2026-07-11_01-00-00_to_02-00-00.mp4,314467217,yes
CH07,CH07_2026-07-11_02-00-00_to_03-00-00.mp4,314549485,yes
CH07,CH07_2026-07-11_03-00-00_to_04-00-00.mp4,314485940,yes
CH07,CH07_2026-07-11_04-00-00_to_05-00-00.mp4,314518141,yes
CH07,CH07_2026-07-11_05-00-00_to_06-00-00.mp4,314799067,yes
CH07,CH07_2026-07-11_06-00-00_to_07-00-00.mp4,314676268,yes
CH07,CH07_2026-07-11_07-00-00_to_08-00-01.mp4,314830153,yes
CH07,CH07_2026-07-11_08-00-01_to_09-00-01.mp4,314668489,yes
CH07,CH07_2026-07-11_09-00-01_to_10-00-01.mp4,314794178,yes
CH07,CH07_2026-07-11_10-00-01_to_11-00-01.mp4,314660032,yes
CH07,CH07_2026-07-11_11-00-01_to_12-00-01.mp4,314661938,yes
CH07,CH07_2026-07-11_12-00-01_to_13-00-01.mp4,314668780,yes
CH07,CH07_2026-07-11_13-00-01_to_14-00-01.mp4,314664232,yes
CH07,CH07_2026-07-11_14-00-01_to_15-00-01.mp4,314663010,yes
CH07,CH07_2026-07-11_15-00-01_to_16-00-00.mp4,314680249,yes
CH07,CH07_2026-07-11_16-00-00_to_17-00-00.mp4,314655545,yes
CH07,CH07_2026-07-11_17-00-00_to_18-00-01.mp4,314836024,yes
CH07,CH07_2026-07-11_18-00-01_to_19-00-01.mp4,314483249,yes
CH07,CH07_2026-07-11_19-00-01_to_20-00-01.mp4,314666126,yes
CH07,CH07_2026-07-11_20-00-01_to_21-00-01.mp4,314775695,yes
CH07,CH07_2026-07-11_21-00-01_to_22-00-00.mp4,314529569,yes
CH07,CH07_2026-07-11_22-00-00_to_23-00-01.mp4,314672219,yes
CH07,CH07_2026-07-11_23-00-01_to_00-00-01.mp4,314517663,yes
CH07,CH07_2026-07-12_00-00-01_to_01-00-01.mp4,314445477,yes
CH07,CH07_2026-07-12_01-00-01_to_02-00-01.mp4,314549607,yes
CH07,CH07_2026-07-12_02-00-01_to_03-00-00.mp4,314485360,yes
CH07,CH07_2026-07-12_03-00-00_to_04-00-00.mp4,314494338,yes
CH07,CH07_2026-07-12_04-00-00_to_05-00-00.mp4,314500676,yes
CH07,CH07_2026-07-12_05-00-00_to_06-00-01.mp4,314813332,yes
CH07,CH07_2026-07-12_06-00-01_to_07-00-00.mp4,314665537,yes
CH07,CH07_2026-07-12_07-00-00_to_08-00-00.mp4,314674109,yes
CH07,CH07_2026-07-12_08-00-00_to_09-00-00.mp4,314658567,yes
CH07,CH07_2026-07-12_09-00-00_to_10-00-00.mp4,314667304,yes
CH07,CH07_2026-07-12_10-00-00_to_11-00-00.mp4,314663491,yes
CH07,CH07_2026-07-12_11-00-00_to_12-00-01.mp4,314827579,yes
CH07,CH07_2026-07-12_12-00-01_to_13-00-01.mp4,314668427,yes
CH07,CH07_2026-07-12_13-00-01_to_14-00-01.mp4,314487759,yes
CH07,CH07_2026-07-12_14-00-01_to_15-00-00.mp4,314663894,yes
CH07,CH07_2026-07-12_15-00-00.mp4,215220252,NO
CH08,CH08_2026-07-07_15-38-38_to_16-00-01.mp4,449713519,yes
CH08,CH08_2026-07-07_16-00-01_to_17-00-01.mp4,1258749580,yes
CH08,CH08_2026-07-07_17-00-01_to_18-00-01.mp4,1258854284,yes
CH08,CH08_2026-07-07_18-00-01_to_19-00-01.mp4,1258841968,yes
CH08,CH08_2026-07-07_19-00-01_to_20-00-01.mp4,1258892447,yes
CH08,CH08_2026-07-07_20-00-01_to_21-00-01.mp4,1258768392,yes
CH08,CH08_2026-07-07_21-00-01_to_22-00-00.mp4,1234876512,yes
CH08,CH08_2026-07-07_22-00-00_to_22-36-54.mp4,762548786,yes
CH08,CH08_2026-07-07_22-36-54_to_22-54-45.mp4,186367362,yes
CH08,CH08_2026-07-07_22-54-45_to_23-00-00.mp4,27916728,yes
CH08,CH08_2026-07-07_23-00-00_to_00-00-00.mp4,314690817,yes
CH08,CH08_2026-07-08_00-00-00_to_00-10-57.mp4,56122327,yes
CH08,CH08_2026-07-08_00-10-57_to_01-00-00.mp4,676545302,yes
CH08,CH08_2026-07-08_01-00-00_to_02-00-00.mp4,785652079,yes
CH08,CH08_2026-07-08_02-00-00_to_03-00-00.mp4,314604909,yes
CH08,CH08_2026-07-08_03-00-00_to_04-00-01.mp4,314668240,yes
CH08,CH08_2026-07-08_04-00-01_to_05-00-01.mp4,314499790,yes
CH08,CH08_2026-07-08_05-00-01_to_06-00-01.mp4,314484463,yes
CH08,CH08_2026-07-08_06-00-01_to_07-00-00.mp4,304899132,yes
CH08,CH08_2026-07-08_07-00-00_to_08-00-00.mp4,314657035,yes
CH08,CH08_2026-07-08_08-00-00_to_09-00-01.mp4,314847033,yes
CH08,CH08_2026-07-08_09-00-01_to_10-00-01.mp4,314653042,yes
CH08,CH08_2026-07-08_10-00-01_to_11-00-01.mp4,314669357,yes
CH08,CH08_2026-07-08_11-00-01_to_12-00-01.mp4,313951537,yes
CH08,CH08_2026-07-08_12-00-01_to_13-00-00.mp4,314646072,yes
CH08,CH08_2026-07-08_13-00-00_to_14-00-01.mp4,314623804,yes
CH08,CH08_2026-07-08_14-00-01_to_15-00-01.mp4,314768236,yes
CH08,CH08_2026-07-08_15-00-01_to_16-00-01.mp4,314666015,yes
CH08,CH08_2026-07-08_16-00-01_to_17-00-00.mp4,314644341,yes
CH08,CH08_2026-07-08_17-00-00_to_18-00-00.mp4,314668299,yes
CH08,CH08_2026-07-08_18-00-00_to_19-00-01.mp4,314810350,yes
CH08,CH08_2026-07-08_19-00-01_to_20-00-00.mp4,314647368,yes
CH08,CH08_2026-07-08_20-00-00_to_21-00-00.mp4,314681302,yes
CH08,CH08_2026-07-08_21-00-00_to_22-00-01.mp4,314670742,yes
CH08,CH08_2026-07-08_22-00-01_to_23-00-01.mp4,314488996,yes
CH08,CH08_2026-07-08_23-00-01_to_00-00-00.mp4,314497634,yes
CH08,CH08_2026-07-09_00-00-00_to_01-00-00.mp4,314497654,yes
CH08,CH08_2026-07-09_01-00-00_to_02-00-00.mp4,314493312,yes
CH08,CH08_2026-07-09_02-00-00_to_03-00-01.mp4,314669800,yes
CH08,CH08_2026-07-09_03-00-01_to_04-00-01.mp4,314492230,yes
CH08,CH08_2026-07-09_04-00-01_to_05-00-00.mp4,314499446,yes
CH08,CH08_2026-07-09_05-00-00_to_06-00-01.mp4,314817862,yes
CH08,CH08_2026-07-09_06-00-01_to_07-00-00.mp4,314668194,yes
CH08,CH08_2026-07-09_07-00-00_to_08-00-00.mp4,314673087,yes
CH08,CH08_2026-07-09_08-00-00_to_09-00-01.mp4,314844919,yes
CH08,CH08_2026-07-09_09-00-01_to_10-00-01.mp4,314659366,yes
CH08,CH08_2026-07-09_10-00-01_to_11-00-01.mp4,314660140,yes
CH08,CH08_2026-07-09_11-00-01_to_12-00-00.mp4,314634705,yes
CH08,CH08_2026-07-09_12-00-00_to_13-00-01.mp4,314836262,yes
CH08,CH08_2026-07-09_13-00-01_to_14-00-00.mp4,314460545,yes
CH08,CH08_2026-07-09_14-00-00_to_15-00-00.mp4,314661044,yes
CH08,CH08_2026-07-09_15-00-00_to_16-00-00.mp4,314676191,yes
CH08,CH08_2026-07-09_16-00-00_to_17-00-01.mp4,314842597,yes
CH08,CH08_2026-07-09_17-00-01_to_18-00-01.mp4,314663359,yes
CH08,CH08_2026-07-09_18-00-01_to_19-00-01.mp4,314665720,yes
CH08,CH08_2026-07-09_19-00-01_to_20-00-00.mp4,314648815,yes
CH08,CH08_2026-07-09_20-00-00_to_21-00-00.mp4,314679596,yes
CH08,CH08_2026-07-09_21-00-00_to_22-00-01.mp4,314745216,yes
CH08,CH08_2026-07-09_22-00-01_to_23-00-00.mp4,314492186,yes
CH08,CH08_2026-07-09_23-00-00_to_00-00-00.mp4,314501148,yes
CH08,CH08_2026-07-10_00-00-00_to_01-00-00.mp4,314491224,yes
CH08,CH08_2026-07-10_01-00-00_to_02-00-01.mp4,314669011,yes
CH08,CH08_2026-07-10_02-00-01_to_03-00-01.mp4,314498616,yes
CH08,CH08_2026-07-10_03-00-01_to_04-00-00.mp4,314235829,yes
CH08,CH08_2026-07-10_04-00-00_to_05-00-00.mp4,314498710,yes
CH08,CH08_2026-07-10_05-00-00_to_06-00-01.mp4,314798357,yes
CH08,CH08_2026-07-10_06-00-01_to_07-00-00.mp4,314670520,yes
CH08,CH08_2026-07-10_07-00-00_to_08-00-00.mp4,314667533,yes
CH08,CH08_2026-07-10_08-00-00_to_09-00-01.mp4,314843594,yes
CH08,CH08_2026-07-10_09-00-01_to_10-00-01.mp4,314668350,yes
CH08,CH08_2026-07-10_10-00-01_to_11-00-01.mp4,314661626,yes
CH08,CH08_2026-07-10_11-00-01_to_12-00-00.mp4,314669757,yes
CH08,CH08_2026-07-10_12-00-00_to_13-00-00.mp4,314662137,yes
CH08,CH08_2026-07-10_13-00-00_to_14-00-00.mp4,314493543,yes
CH08,CH08_2026-07-10_14-00-00_to_15-00-00.mp4,314668472,yes
CH08,CH08_2026-07-10_15-00-00_to_16-00-00.mp4,314664893,yes
CH08,CH08_2026-07-10_16-00-00_to_17-00-01.mp4,314924402,yes
CH08,CH08_2026-07-10_17-00-01_to_18-00-01.mp4,314661003,yes
CH08,CH08_2026-07-10_18-00-01_to_19-00-01.mp4,314673223,yes
CH08,CH08_2026-07-10_19-00-01_to_20-00-01.mp4,314658231,yes
CH08,CH08_2026-07-10_20-00-01_to_21-00-00.mp4,314678967,yes
CH08,CH08_2026-07-10_21-00-00_to_22-00-00.mp4,314508282,yes
CH08,CH08_2026-07-10_22-00-00_to_23-00-00.mp4,314488452,yes
CH08,CH08_2026-07-10_23-00-00_to_00-00-01.mp4,314671119,yes
CH08,CH08_2026-07-11_00-00-01_to_01-00-01.mp4,314499009,yes
CH08,CH08_2026-07-11_01-00-01_to_02-00-00.mp4,314485009,yes
CH08,CH08_2026-07-11_02-00-00_to_03-00-00.mp4,314499976,yes
CH08,CH08_2026-07-11_03-00-00_to_04-00-00.mp4,314497634,yes
CH08,CH08_2026-07-11_04-00-00_to_05-00-01.mp4,314666589,yes
CH08,CH08_2026-07-11_05-00-01_to_06-00-01.mp4,314761875,yes
CH08,CH08_2026-07-11_06-00-01_to_07-00-00.mp4,314668780,yes
CH08,CH08_2026-07-11_07-00-00_to_08-00-00.mp4,314665292,yes
CH08,CH08_2026-07-11_08-00-00_to_09-00-01.mp4,314840172,yes
CH08,CH08_2026-07-11_09-00-01_to_10-00-01.mp4,314663144,yes
CH08,CH08_2026-07-11_10-00-01_to_11-00-00.mp4,314665273,yes
CH08,CH08_2026-07-11_11-00-00_to_12-00-00.mp4,314668106,yes
CH08,CH08_2026-07-11_12-00-00_to_13-00-00.mp4,314666285,yes
CH08,CH08_2026-07-11_13-00-00_to_14-00-01.mp4,314848640,yes
CH08,CH08_2026-07-11_14-00-01_to_15-00-01.mp4,314770603,yes
CH08,CH08_2026-07-11_15-00-01_to_16-00-00.mp4,314662037,yes
CH08,CH08_2026-07-11_16-00-00_to_17-00-00.mp4,314668616,yes
CH08,CH08_2026-07-11_17-00-00_to_18-00-00.mp4,314661605,yes
CH08,CH08_2026-07-11_18-00-00_to_19-00-00.mp4,314474458,yes
CH08,CH08_2026-07-11_19-00-00_to_20-00-01.mp4,314832628,yes
CH08,CH08_2026-07-11_20-00-01_to_21-00-01.mp4,314672151,yes
CH08,CH08_2026-07-11_21-00-01_to_22-00-00.mp4,314488562,yes
CH08,CH08_2026-07-11_22-00-00_to_23-00-00.mp4,314607740,yes
CH08,CH08_2026-07-11_23-00-00_to_00-00-00.mp4,314530688,yes
CH08,CH08_2026-07-12_00-00-00_to_01-00-01.mp4,314669704,yes
CH08,CH08_2026-07-12_01-00-01_to_02-00-01.mp4,314496729,yes
CH08,CH08_2026-07-12_02-00-01_to_03-00-00.mp4,314516823,yes
CH08,CH08_2026-07-12_03-00-00_to_04-00-00.mp4,314498375,yes
CH08,CH08_2026-07-12_04-00-00_to_05-00-01.mp4,314676120,yes
CH08,CH08_2026-07-12_05-00-01_to_06-00-00.mp4,314535783,yes
CH08,CH08_2026-07-12_06-00-00_to_07-00-01.mp4,314867217,yes
CH08,CH08_2026-07-12_07-00-01_to_08-00-01.mp4,314651406,yes
CH08,CH08_2026-07-12_08-00-01_to_09-00-01.mp4,314682413,yes
CH08,CH08_2026-07-12_09-00-01_to_10-00-00.mp4,314660970,yes
CH08,CH08_2026-07-12_10-00-00_to_11-00-00.mp4,314639558,yes
CH08,CH08_2026-07-12_11-00-00_to_12-00-00.mp4,314803462,yes
CH08,CH08_2026-07-12_12-00-00_to_13-00-01.mp4,314846178,yes
CH08,CH08_2026-07-12_13-00-01_to_14-00-00.mp4,314466177,yes
CH08,CH08_2026-07-12_14-00-00_to_15-00-00.mp4,314662137,yes
CH08,CH08_2026-07-12_15-00-00.mp4,215220364,NO
108_thermal,108_thermal_2026-06-25_13-00-46.mp4,28,NO
108_thermal,108_thermal_2026-06-25_13-01-09.mp4,5767196,NO
108_thermal,108_thermal_2026-06-25_13-08-57.mp4,4980764,NO
108_thermal,108_thermal_2026-06-25_16-04-45.mp4,34078748,NO
108_thermal,108_thermal_2026-06-25_16-48-49.mp4,8432271,NO
108_thermal,108_thermal_2026-06-25_17-00-31.mp4,2861657,NO
108_thermal,108_thermal_2026-06-25_17-04-57.mp4,17039388,NO
108_thermal,108_thermal_2026-06-27_00-00-45_to_01-00-45.mp4,46981387,yes
108_thermal,108_thermal_2026-06-27_01-00-45_to_02-00-45.mp4,46813416,yes
108_thermal,108_thermal_2026-06-27_02-00-45_to_03-00-45.mp4,46903889,yes
108_thermal,108_thermal_2026-06-27_03-00-45_to_04-00-45.mp4,46855708,yes
108_thermal,108_thermal_2026-06-27_04-00-45_to_05-00-45.mp4,46731833,yes
108_thermal,108_thermal_2026-06-27_05-00-45_to_06-00-45.mp4,47034660,yes
108_thermal,108_thermal_2026-06-27_06-00-45_to_07-00-45.mp4,46853468,yes
108_thermal,108_thermal_2026-06-27_07-00-45_to_08-00-45.mp4,46430463,yes
108_thermal,108_thermal_2026-06-27_08-00-45_to_09-00-45.mp4,46722746,yes
108_thermal,108_thermal_2026-06-27_09-00-45_to_10-00-45.mp4,47420854,yes
108_thermal,108_thermal_2026-06-27_10-00-45_to_11-00-44.mp4,47448869,yes
108_thermal,108_thermal_2026-06-27_11-00-44_to_12-00-44.mp4,47228393,yes
108_thermal,108_thermal_2026-06-27_12-00-44_to_13-00-44.mp4,46918035,yes
108_thermal,108_thermal_2026-06-27_13-00-44_to_14-00-46.mp4,47373526,yes
108_thermal,108_thermal_2026-06-27_14-00-46_to_15-00-46.mp4,47193623,yes
108_thermal,108_thermal_2026-06-27_15-00-46_to_16-00-46.mp4,47331107,yes
108_thermal,108_thermal_2026-06-27_16-00-46_to_17-00-46.mp4,47186289,yes
108_thermal,108_thermal_2026-06-27_17-00-46_to_18-00-46.mp4,47127002,yes
108_thermal,108_thermal_2026-06-27_18-00-46_to_19-00-46.mp4,46003348,yes
108_thermal,108_thermal_2026-06-27_19-00-46_to_20-00-46.mp4,46385531,yes
108_thermal,108_thermal_2026-06-27_20-00-46_to_21-00-46.mp4,45885726,yes
108_thermal,108_thermal_2026-06-27_21-00-46_to_22-00-46.mp4,46389435,yes
108_thermal,108_thermal_2026-06-27_22-00-46_to_23-00-46.mp4,46290724,yes
108_thermal,108_thermal_2026-06-27_23-00-46_to_00-00-46.mp4,46284599,yes
108_thermal,108_thermal_2026-06-28_00-00-46_to_01-00-45.mp4,46167531,yes
108_thermal,108_thermal_2026-06-28_01-00-45.mp4,11205320,NO
108_thermal,108_thermal_2026-06-28_01-16-21.mp4,443366,NO
108_thermal,108_thermal_2026-06-28_01-18-26_to_02-00-46.mp4,32401145,yes
108_thermal,108_thermal_2026-06-28_02-00-46_to_03-00-46.mp4,46718780,yes
108_thermal,108_thermal_2026-06-28_03-00-46_to_04-00-46.mp4,45938892,yes
108_thermal,108_thermal_2026-06-28_04-00-46_to_05-00-45.mp4,46475102,yes
108_thermal,108_thermal_2026-06-28_05-00-45_to_06-00-45.mp4,46418988,yes
108_thermal,108_thermal_2026-06-28_06-00-45_to_07-00-45.mp4,45952094,yes
108_thermal,108_thermal_2026-06-28_07-00-45_to_08-00-45.mp4,46365357,yes
108_thermal,108_thermal_2026-06-28_08-00-45_to_09-00-45.mp4,47145018,yes
108_thermal,108_thermal_2026-06-28_09-00-45_to_10-00-45.mp4,47034683,yes
108_thermal,108_thermal_2026-06-28_10-00-45_to_11-00-45.mp4,46982832,yes
108_thermal,108_thermal_2026-06-28_11-00-45_to_12-00-45.mp4,47047165,yes
108_thermal,108_thermal_2026-06-28_12-00-45_to_13-00-45.mp4,46656885,yes
108_thermal,108_thermal_2026-06-28_13-00-45_to_14-00-47.mp4,47264001,yes
108_thermal,108_thermal_2026-06-28_14-00-47_to_15-00-47.mp4,47329822,yes
108_thermal,108_thermal_2026-06-28_15-00-47_to_16-00-46.mp4,47050702,yes
108_thermal,108_thermal_2026-06-28_16-00-46_to_17-00-46.mp4,47146407,yes
108_thermal,108_thermal_2026-06-28_17-00-46_to_18-00-46.mp4,46464765,yes
108_thermal,108_thermal_2026-06-28_18-00-46_to_19-00-46.mp4,46187090,yes
108_thermal,108_thermal_2026-06-28_19-00-46_to_20-00-46.mp4,46215990,yes
108_thermal,108_thermal_2026-06-28_20-00-46_to_21-00-46.mp4,45707303,yes
108_thermal,108_thermal_2026-06-28_21-00-46_to_22-00-46.mp4,45793911,yes
108_thermal,108_thermal_2026-06-28_22-00-46_to_23-00-46.mp4,46156142,yes
108_thermal,108_thermal_2026-06-28_23-00-46_to_00-00-46.mp4,46393309,yes
108_thermal,108_thermal_2026-06-29_00-00-46_to_01-00-46.mp4,46552295,yes
108_thermal,108_thermal_2026-06-29_01-00-46_to_02-00-46.mp4,46246803,yes
108_thermal,108_thermal_2026-06-29_02-00-46_to_03-00-46.mp4,46097877,yes
108_thermal,108_thermal_2026-06-29_03-00-46_to_04-00-46.mp4,45842327,yes
108_thermal,108_thermal_2026-06-29_04-00-46_to_05-00-45.mp4,46466709,yes
108_thermal,108_thermal_2026-06-29_05-00-45_to_06-00-45.mp4,45818559,yes
108_thermal,108_thermal_2026-06-29_06-00-45_to_07-00-45.mp4,45762180,yes
108_thermal,108_thermal_2026-06-29_07-00-45_to_08-00-45.mp4,46713441,yes
108_thermal,108_thermal_2026-06-29_08-00-45_to_09-00-45.mp4,47042943,yes
108_thermal,108_thermal_2026-06-29_09-00-45_to_10-00-45.mp4,47141557,yes
108_thermal,108_thermal_2026-06-29_10-00-45_to_11-00-45.mp4,47349591,yes
108_thermal,108_thermal_2026-06-29_11-00-45_to_12-00-45.mp4,47130259,yes
108_thermal,108_thermal_2026-06-29_12-00-45_to_13-00-47.mp4,47159935,yes
108_thermal,108_thermal_2026-06-29_13-00-47_to_14-00-47.mp4,47110600,yes
108_thermal,108_thermal_2026-06-29_14-00-47_to_15-00-47.mp4,47272957,yes
108_thermal,108_thermal_2026-06-29_15-00-47_to_16-00-47.mp4,47135255,yes
108_thermal,108_thermal_2026-06-29_16-00-47_to_17-00-47.mp4,47224801,yes
108_thermal,108_thermal_2026-06-29_17-00-47_to_17-46-27.mp4,35651641,yes
108_thermal,108_thermal_2026-06-29_17-46-27_to_18-00-47.mp4,11319456,yes
108_thermal,108_thermal_2026-06-29_18-00-47_to_19-00-46.mp4,46320010,yes
108_thermal,108_thermal_2026-06-29_19-00-46_to_20-00-46.mp4,46382010,yes
108_thermal,108_thermal_2026-06-29_20-00-46_to_21-00-46.mp4,45909644,yes
108_thermal,108_thermal_2026-06-29_21-00-46_to_22-00-46.mp4,45655813,yes
108_thermal,108_thermal_2026-06-29_22-00-46_to_23-00-46.mp4,45973480,yes
108_thermal,108_thermal_2026-06-29_23-00-46_to_00-00-46.mp4,46019072,yes
108_thermal,108_thermal_2026-06-30_00-00-46_to_01-00-46.mp4,46291873,yes
108_thermal,108_thermal_2026-06-30_01-00-46_to_02-00-46.mp4,45534241,yes
108_thermal,108_thermal_2026-06-30_02-00-46_to_03-04-01.mp4,44564550,yes
108_thermal,108_thermal_2026-06-30_03-04-01_to_04-00-35.mp4,42946434,yes
108_thermal,108_thermal_2026-06-30_04-00-35_to_05-00-35.mp4,45731420,yes
108_thermal,108_thermal_2026-06-30_05-00-35_to_06-00-35.mp4,45244892,yes
108_thermal,108_thermal_2026-06-30_06-00-35_to_07-00-35.mp4,45888475,yes
108_thermal,108_thermal_2026-06-30_07-00-35_to_08-00-35.mp4,45713175,yes
108_thermal,108_thermal_2026-06-30_08-00-35_to_09-00-35.mp4,43737669,yes
108_thermal,108_thermal_2026-06-30_09-00-35_to_10-00-35.mp4,46484621,yes
108_thermal,108_thermal_2026-06-30_10-00-35_to_11-00-34.mp4,46761713,yes
108_thermal,108_thermal_2026-06-30_11-00-34_to_12-00-34.mp4,47196347,yes
108_thermal,108_thermal_2026-06-30_12-00-34_to_13-00-34.mp4,47195482,yes
108_thermal,108_thermal_2026-06-30_13-00-34_to_14-00-36.mp4,46963025,yes
108_thermal,108_thermal_2026-06-30_14-00-36_to_15-00-36.mp4,46903067,yes
108_thermal,108_thermal_2026-06-30_15-00-36_to_16-00-36.mp4,46837209,yes
108_thermal,108_thermal_2026-06-30_16-00-36_to_17-00-36.mp4,45976953,yes
108_thermal,108_thermal_2026-06-30_17-00-36_to_18-00-36.mp4,45404351,yes
108_thermal,108_thermal_2026-06-30_18-00-36_to_19-00-36.mp4,46008354,yes
108_thermal,108_thermal_2026-06-30_19-00-36_to_20-00-36.mp4,45290271,yes
108_thermal,108_thermal_2026-06-30_20-00-36_to_21-00-36.mp4,45100377,yes
108_thermal,108_thermal_2026-06-30_21-00-36_to_22-00-36.mp4,45361341,yes
108_thermal,108_thermal_2026-06-30_22-00-36_to_23-00-36.mp4,46168062,yes
108_thermal,108_thermal_2026-06-30_23-00-36_to_00-00-36.mp4,43815412,yes
108_thermal,108_thermal_2026-07-01_00-00-36_to_01-00-36.mp4,45287160,yes
108_thermal,108_thermal_2026-07-01_01-00-36_to_02-00-36.mp4,46018378,yes
108_thermal,108_thermal_2026-07-01_02-00-36_to_03-00-36.mp4,44395059,yes
108_thermal,108_thermal_2026-07-01_03-00-36_to_04-00-35.mp4,42630050,yes
108_thermal,108_thermal_2026-07-01_04-00-35_to_05-00-35.mp4,43786422,yes
108_thermal,108_thermal_2026-07-01_05-00-35_to_06-00-35.mp4,41591867,yes
108_thermal,108_thermal_2026-07-01_06-00-35_to_07-00-35.mp4,41747011,yes
108_thermal,108_thermal_2026-07-01_07-00-35_to_08-00-35.mp4,42597688,yes
108_thermal,108_thermal_2026-07-01_08-00-35_to_09-00-35.mp4,44974589,yes
108_thermal,108_thermal_2026-07-01_09-00-35_to_10-00-37.mp4,46967485,yes
108_thermal,108_thermal_2026-07-01_10-00-37_to_11-00-37.mp4,46999903,yes
108_thermal,108_thermal_2026-07-01_11-00-37_to_12-00-37.mp4,46932327,yes
108_thermal,108_thermal_2026-07-01_12-00-37_to_13-00-37.mp4,46895953,yes
108_thermal,108_thermal_2026-07-01_13-00-37_to_14-00-36.mp4,46825779,yes
108_thermal,108_thermal_2026-07-01_14-00-36_to_15-00-36.mp4,47024894,yes
108_thermal,108_thermal_2026-07-01_15-00-36_to_16-00-36.mp4,47012997,yes
108_thermal,108_thermal_2026-07-01_16-00-36_to_17-00-36.mp4,46037094,yes
108_thermal,108_thermal_2026-07-01_17-00-36_to_18-00-36.mp4,45000581,yes
108_thermal,108_thermal_2026-07-01_18-00-36_to_19-00-36.mp4,45327669,yes
108_thermal,108_thermal_2026-07-01_19-00-36_to_20-00-36.mp4,42299179,yes
108_thermal,108_thermal_2026-07-01_20-00-36_to_21-00-36.mp4,41898003,yes
108_thermal,108_thermal_2026-07-01_21-00-36_to_22-00-36.mp4,42768527,yes
108_thermal,108_thermal_2026-07-01_22-00-36_to_23-00-36.mp4,42925284,yes
108_thermal,108_thermal_2026-07-01_23-00-36_to_00-00-36.mp4,41515727,yes
108_thermal,108_thermal_2026-07-02_00-00-36_to_01-00-36.mp4,42320405,yes
108_thermal,108_thermal_2026-07-02_01-00-36_to_02-00-36.mp4,43507794,yes
108_thermal,108_thermal_2026-07-02_02-00-36_to_03-00-36.mp4,44686407,yes
108_thermal,108_thermal_2026-07-02_03-00-36_to_04-00-36.mp4,45853652,yes
108_thermal,108_thermal_2026-07-02_04-00-36_to_05-00-35.mp4,45041066,yes
108_thermal,108_thermal_2026-07-02_05-00-35_to_06-00-35.mp4,45146408,yes
108_thermal,108_thermal_2026-07-02_06-00-35_to_07-00-35.mp4,45454947,yes
108_thermal,108_thermal_2026-07-02_07-00-35_to_08-00-35.mp4,46391420,yes
108_thermal,108_thermal_2026-07-02_08-00-35_to_09-00-35.mp4,46914217,yes
108_thermal,108_thermal_2026-07-02_09-00-35_to_10-00-35.mp4,47689701,yes
108_thermal,108_thermal_2026-07-02_10-00-35_to_11-00-35.mp4,47173551,yes
108_thermal,108_thermal_2026-07-02_11-00-35_to_12-00-35.mp4,47157091,yes
108_thermal,108_thermal_2026-07-02_12-00-35_to_13-00-37.mp4,46954200,yes
108_thermal,108_thermal_2026-07-02_13-00-37_to_14-00-37.mp4,47158103,yes
108_thermal,108_thermal_2026-07-02_14-00-37_to_15-00-37.mp4,46912938,yes
108_thermal,108_thermal_2026-07-02_15-00-37_to_16-00-37.mp4,47095963,yes
108_thermal,108_thermal_2026-07-02_16-00-37_to_17-00-37.mp4,46708320,yes
108_thermal,108_thermal_2026-07-02_17-00-37_to_18-00-37.mp4,46345858,yes
108_thermal,108_thermal_2026-07-02_18-00-37_to_19-00-37.mp4,45743887,yes
108_thermal,108_thermal_2026-07-02_19-00-37_to_20-00-37.mp4,45787118,yes
108_thermal,108_thermal_2026-07-02_20-00-37_to_21-00-37.mp4,46033586,yes
108_thermal,108_thermal_2026-07-02_21-00-37_to_22-00-37.mp4,45550754,yes
108_thermal,108_thermal_2026-07-02_22-00-37_to_23-00-37.mp4,45363308,yes
108_thermal,108_thermal_2026-07-02_23-00-37_to_00-00-37.mp4,45228545,yes
108_thermal,108_thermal_2026-07-03_00-00-37_to_01-00-36.mp4,45866423,yes
108_thermal,108_thermal_2026-07-03_01-00-36_to_02-00-36.mp4,45403554,yes
108_thermal,108_thermal_2026-07-03_02-00-36_to_03-00-36.mp4,44944914,yes
108_thermal,108_thermal_2026-07-03_03-00-36_to_04-00-36.mp4,45653577,yes
108_thermal,108_thermal_2026-07-03_04-00-36_to_05-00-36.mp4,45135688,yes
108_thermal,108_thermal_2026-07-03_05-00-36_to_06-00-36.mp4,45126050,yes
108_thermal,108_thermal_2026-07-03_06-00-36_to_07-00-36.mp4,44862887,yes
108_thermal,108_thermal_2026-07-03_07-00-36_to_08-00-36.mp4,46050649,yes
108_thermal,108_thermal_2026-07-03_08-00-36_to_09-00-36.mp4,47108494,yes
108_thermal,108_thermal_2026-07-03_09-00-36_to_10-00-36.mp4,47467358,yes
108_thermal,108_thermal_2026-07-03_10-00-36_to_11-00-36.mp4,46853493,yes
108_thermal,108_thermal_2026-07-03_11-00-36_to_12-00-36.mp4,47029752,yes
108_thermal,108_thermal_2026-07-03_12-00-36_to_13-00-36.mp4,47061924,yes
108_thermal,108_thermal_2026-07-03_13-00-36_to_14-00-36.mp4,46930548,yes
108_thermal,108_thermal_2026-07-03_14-00-36_to_15-00-36.mp4,46822334,yes
108_thermal,108_thermal_2026-07-03_15-00-36_to_16-00-35.mp4,46176600,yes
108_thermal,108_thermal_2026-07-03_16-00-35_to_17-00-35.mp4,45852384,yes
108_thermal,108_thermal_2026-07-03_17-00-35_to_18-00-38.mp4,46995512,yes
108_thermal,108_thermal_2026-07-03_18-00-38_to_19-00-38.mp4,45688936,yes
108_thermal,108_thermal_2026-07-03_19-00-38_to_20-00-38.mp4,45119174,yes
108_thermal,108_thermal_2026-07-03_20-00-38_to_21-00-38.mp4,44834069,yes
108_thermal,108_thermal_2026-07-03_21-00-38_to_22-00-38.mp4,45847499,yes
108_thermal,108_thermal_2026-07-03_22-00-38_to_23-00-37.mp4,45587534,yes
108_thermal,108_thermal_2026-07-03_23-00-37_to_00-00-37.mp4,46251360,yes
108_thermal,108_thermal_2026-07-04_00-00-37_to_01-00-37.mp4,45771999,yes
108_thermal,108_thermal_2026-07-04_01-00-37_to_02-00-37.mp4,45236912,yes
108_thermal,108_thermal_2026-07-04_02-00-37_to_03-00-37.mp4,45675626,yes
108_thermal,108_thermal_2026-07-04_03-00-37_to_04-00-37.mp4,45360792,yes
108_thermal,108_thermal_2026-07-04_04-00-37_to_05-00-37.mp4,44859694,yes
108_thermal,108_thermal_2026-07-04_05-00-37_to_06-00-37.mp4,44801984,yes
108_thermal,108_thermal_2026-07-04_06-00-37_to_07-00-37.mp4,45345986,yes
108_thermal,108_thermal_2026-07-04_07-00-37_to_08-00-37.mp4,45789339,yes
108_thermal,108_thermal_2026-07-04_08-00-37_to_09-00-37.mp4,46525892,yes
108_thermal,108_thermal_2026-07-04_09-00-37_to_10-00-37.mp4,46990016,yes
108_thermal,108_thermal_2026-07-04_10-00-37_to_11-00-37.mp4,47280685,yes
108_thermal,108_thermal_2026-07-04_11-00-37_to_12-00-37.mp4,46462079,yes
108_thermal,108_thermal_2026-07-04_12-00-37_to_13-00-36.mp4,47060936,yes
108_thermal,108_thermal_2026-07-04_13-00-36_to_14-00-38.mp4,46891861,yes
108_thermal,108_thermal_2026-07-04_14-00-38_to_15-00-38.mp4,47294318,yes
108_thermal,108_thermal_2026-07-04_15-00-38_to_16-00-38.mp4,47235144,yes
108_thermal,108_thermal_2026-07-04_16-00-38_to_17-00-38.mp4,47070757,yes
108_thermal,108_thermal_2026-07-04_17-00-38_to_18-00-38.mp4,46024892,yes
108_thermal,108_thermal_2026-07-04_18-00-38_to_19-00-38.mp4,45902091,yes
108_thermal,108_thermal_2026-07-04_19-00-38_to_20-00-38.mp4,45544922,yes
108_thermal,108_thermal_2026-07-04_20-00-38_to_21-00-38.mp4,45750915,yes
108_thermal,108_thermal_2026-07-04_21-00-38_to_22-00-38.mp4,46240778,yes
108_thermal,108_thermal_2026-07-04_22-00-38_to_23-00-37.mp4,46086321,yes
108_thermal,108_thermal_2026-07-04_23-00-37_to_00-00-37.mp4,46090516,yes
108_thermal,108_thermal_2026-07-05_00-00-37_to_01-00-37.mp4,44957611,yes
108_thermal,108_thermal_2026-07-05_01-00-37_to_02-00-37.mp4,45015549,yes
108_thermal,108_thermal_2026-07-05_02-00-37_to_03-00-37.mp4,45303262,yes
108_thermal,108_thermal_2026-07-05_03-00-37_to_04-00-37.mp4,45735498,yes
108_thermal,108_thermal_2026-07-05_04-00-37_to_05-00-37.mp4,45774174,yes
108_thermal,108_thermal_2026-07-05_05-00-37_to_06-00-37.mp4,45009126,yes
108_thermal,108_thermal_2026-07-05_06-00-37_to_07-00-37.mp4,46516357,yes
108_thermal,108_thermal_2026-07-05_07-00-37_to_08-00-37.mp4,46357048,yes
108_thermal,108_thermal_2026-07-05_08-00-37_to_09-00-37.mp4,46742899,yes
108_thermal,108_thermal_2026-07-05_09-00-37_to_10-00-37.mp4,47048269,yes
108_thermal,108_thermal_2026-07-05_10-00-37_to_11-00-37.mp4,47435131,yes
108_thermal,108_thermal_2026-07-05_11-00-37_to_12-00-37.mp4,47250978,yes
108_thermal,108_thermal_2026-07-05_12-00-37_to_13-00-36.mp4,47419040,yes
108_thermal,108_thermal_2026-07-05_13-00-36_to_14-00-38.mp4,47370070,yes
108_thermal,108_thermal_2026-07-05_14-00-38_to_15-00-38.mp4,47357505,yes
108_thermal,108_thermal_2026-07-05_15-00-38_to_16-00-38.mp4,46992847,yes
108_thermal,108_thermal_2026-07-05_16-00-38_to_17-00-38.mp4,46495443,yes
108_thermal,108_thermal_2026-07-05_17-00-38_to_18-00-38.mp4,45365786,yes
108_thermal,108_thermal_2026-07-05_18-00-38_to_19-00-38.mp4,46136040,yes
108_thermal,108_thermal_2026-07-05_19-00-38_to_20-00-38.mp4,45325840,yes
108_thermal,108_thermal_2026-07-05_20-00-38_to_21-00-38.mp4,44857713,yes
108_thermal,108_thermal_2026-07-05_21-00-38_to_22-00-38.mp4,45054752,yes
108_thermal,108_thermal_2026-07-05_22-00-38_to_23-00-38.mp4,45110097,yes
108_thermal,108_thermal_2026-07-05_23-00-38_to_00-00-38.mp4,45041251,yes
108_thermal,108_thermal_2026-07-06_00-00-38_to_01-00-38.mp4,44968397,yes
108_thermal,108_thermal_2026-07-06_01-00-38_to_02-00-38.mp4,43542241,yes
108_thermal,108_thermal_2026-07-06_02-00-38_to_03-00-37.mp4,42566613,yes
108_thermal,108_thermal_2026-07-06_03-00-37_to_04-00-37.mp4,42703104,yes
108_thermal,108_thermal_2026-07-06_04-00-37_to_05-00-37.mp4,42783938,yes
108_thermal,108_thermal_2026-07-06_05-00-37_to_06-00-37.mp4,42849429,yes
108_thermal,108_thermal_2026-07-06_06-00-37_to_07-00-37.mp4,43224767,yes
108_thermal,108_thermal_2026-07-06_07-00-37_to_08-00-37.mp4,45421605,yes
108_thermal,108_thermal_2026-07-06_08-00-37_to_09-00-37.mp4,46681600,yes
108_thermal,108_thermal_2026-07-06_09-00-37_to_10-00-37.mp4,46787709,yes
108_thermal,108_thermal_2026-07-06_10-00-37_to_11-00-37.mp4,46905884,yes
108_thermal,108_thermal_2026-07-06_11-00-37_to_12-00-37.mp4,47098224,yes
108_thermal,108_thermal_2026-07-06_12-00-37_to_13-00-37.mp4,46959929,yes
108_thermal,108_thermal_2026-07-06_13-00-37_to_14-00-39.mp4,46996170,yes
108_thermal,108_thermal_2026-07-06_14-00-39_to_15-00-39.mp4,46258058,yes
108_thermal,108_thermal_2026-07-06_15-00-39_to_16-00-39.mp4,46659729,yes
108_thermal,108_thermal_2026-07-06_16-00-39_to_17-00-38.mp4,46458550,yes
108_thermal,108_thermal_2026-07-06_17-00-38_to_18-00-38.mp4,46547236,yes
108_thermal,108_thermal_2026-07-06_18-00-38_to_19-00-38.mp4,46157970,yes
108_thermal,108_thermal_2026-07-06_19-00-38_to_20-00-38.mp4,45660848,yes
108_thermal,108_thermal_2026-07-06_20-00-38_to_21-00-38.mp4,45264096,yes
108_thermal,108_thermal_2026-07-06_21-00-38_to_22-00-38.mp4,45197308,yes
108_thermal,108_thermal_2026-07-06_22-00-38_to_23-00-38.mp4,45760194,yes
108_thermal,108_thermal_2026-07-06_23-00-38_to_00-00-38.mp4,45960571,yes
108_thermal,108_thermal_2026-07-07_00-00-38_to_01-00-38.mp4,45543093,yes
108_thermal,108_thermal_2026-07-07_01-00-38_to_02-00-38.mp4,45459483,yes
108_thermal,108_thermal_2026-07-07_02-00-38_to_03-04-06.mp4,44826652,yes
108_thermal,108_thermal_2026-07-07_03-04-06_to_04-00-28.mp4,42762975,yes
108_thermal,108_thermal_2026-07-07_04-00-28_to_05-00-28.mp4,45496272,yes
108_thermal,108_thermal_2026-07-07_05-00-28_to_06-00-27.mp4,45417674,yes
108_thermal,108_thermal_2026-07-07_06-00-27_to_07-00-27.mp4,45555617,yes
108_thermal,108_thermal_2026-07-07_07-00-27_to_08-00-27.mp4,46522945,yes
108_thermal,108_thermal_2026-07-07_08-00-27_to_09-00-27.mp4,46568706,yes
108_thermal,108_thermal_2026-07-07_09-00-27_to_10-00-27.mp4,46869386,yes
108_thermal,108_thermal_2026-07-07_10-00-27_to_11-00-27.mp4,46744357,yes
108_thermal,108_thermal_2026-07-07_11-00-27_to_12-00-27.mp4,46902065,yes
108_thermal,108_thermal_2026-07-07_12-00-27_to_13-00-27.mp4,47240842,yes
108_thermal,108_thermal_2026-07-07_13-00-27_to_14-00-29.mp4,47102954,yes
108_thermal,108_thermal_2026-07-07_14-00-29_to_15-00-29.mp4,46515769,yes
108_thermal,108_thermal_2026-07-07_15-00-29_to_16-00-29.mp4,46542655,yes
108_thermal,108_thermal_2026-07-07_16-00-29_to_17-00-29.mp4,46711341,yes
108_thermal,108_thermal_2026-07-07_17-00-29_to_18-00-29.mp4,46937291,yes
108_thermal,108_thermal_2026-07-07_18-00-29_to_19-00-29.mp4,46075299,yes
108_thermal,108_thermal_2026-07-07_19-00-29_to_20-00-29.mp4,45783808,yes
108_thermal,108_thermal_2026-07-07_20-00-29_to_21-00-28.mp4,45069763,yes
108_thermal,108_thermal_2026-07-07_21-00-28_to_22-00-28.mp4,44181037,yes
108_thermal,108_thermal_2026-07-07_22-00-28_to_23-00-28.mp4,45387706,yes
108_thermal,108_thermal_2026-07-07_23-00-28_to_00-00-28.mp4,46478185,yes
108_thermal,108_thermal_2026-07-08_00-00-28_to_01-00-28.mp4,46516000,yes
108_thermal,108_thermal_2026-07-08_01-00-28_to_02-00-28.mp4,46820353,yes
108_thermal,108_thermal_2026-07-08_02-00-28_to_03-00-28.mp4,46927641,yes
108_thermal,108_thermal_2026-07-08_03-00-28_to_04-00-28.mp4,46674037,yes
108_thermal,108_thermal_2026-07-08_04-00-28_to_05-00-28.mp4,46601973,yes
108_thermal,108_thermal_2026-07-08_05-00-28_to_06-00-28.mp4,46825131,yes
108_thermal,108_thermal_2026-07-08_06-00-28_to_07-00-28.mp4,46743917,yes
108_thermal,108_thermal_2026-07-08_07-00-28_to_08-00-28.mp4,46467359,yes
108_thermal,108_thermal_2026-07-08_08-00-28_to_09-00-28.mp4,46790698,yes
108_thermal,108_thermal_2026-07-08_09-00-28_to_10-00-27.mp4,47081684,yes
108_thermal,108_thermal_2026-07-08_10-00-27_to_11-00-27.mp4,47180946,yes
108_thermal,108_thermal_2026-07-08_11-00-27_to_12-00-27.mp4,47230753,yes
108_thermal,108_thermal_2026-07-08_12-00-27_to_13-00-27.mp4,47365324,yes
108_thermal,108_thermal_2026-07-08_13-00-27_to_14-00-30.mp4,47240839,yes
108_thermal,108_thermal_2026-07-08_14-00-30_to_15-00-30.mp4,47226113,yes
108_thermal,108_thermal_2026-07-08_15-00-30_to_16-00-30.mp4,47174483,yes
108_thermal,108_thermal_2026-07-08_16-00-30_to_17-00-30.mp4,47052188,yes
108_thermal,108_thermal_2026-07-08_17-00-30_to_18-00-30.mp4,46992639,yes
108_thermal,108_thermal_2026-07-08_18-00-30_to_19-00-30.mp4,46991867,yes
108_thermal,108_thermal_2026-07-08_19-00-30_to_20-00-30.mp4,46968468,yes
108_thermal,108_thermal_2026-07-08_20-00-30_to_21-00-29.mp4,46917337,yes
108_thermal,108_thermal_2026-07-08_21-00-29_to_22-00-29.mp4,46674351,yes
108_thermal,108_thermal_2026-07-08_22-00-29_to_23-00-29.mp4,46700123,yes
108_thermal,108_thermal_2026-07-08_23-00-29_to_00-00-29.mp4,46800546,yes
108_thermal,108_thermal_2026-07-09_00-00-29_to_01-00-29.mp4,46648840,yes
108_thermal,108_thermal_2026-07-09_01-00-29_to_02-00-29.mp4,46545335,yes
108_thermal,108_thermal_2026-07-09_02-00-29_to_03-00-29.mp4,46392592,yes
108_thermal,108_thermal_2026-07-09_03-00-29_to_04-00-29.mp4,46368774,yes
108_thermal,108_thermal_2026-07-09_04-00-29_to_05-00-29.mp4,46492404,yes
108_thermal,108_thermal_2026-07-09_05-00-29_to_06-00-29.mp4,46502648,yes
108_thermal,108_thermal_2026-07-09_06-00-29_to_07-00-29.mp4,46640095,yes
108_thermal,108_thermal_2026-07-09_07-00-29_to_08-00-29.mp4,46274669,yes
108_thermal,108_thermal_2026-07-09_08-00-29_to_09-00-29.mp4,46727047,yes
108_thermal,108_thermal_2026-07-09_09-00-29_to_10-00-29.mp4,47027690,yes
108_thermal,108_thermal_2026-07-09_10-00-29_to_11-00-28.mp4,47182991,yes
108_thermal,108_thermal_2026-07-09_11-00-28_to_12-00-28.mp4,47233837,yes
108_thermal,108_thermal_2026-07-09_12-00-28_to_13-00-28.mp4,47153147,yes
108_thermal,108_thermal_2026-07-09_13-00-28_to_14-00-30.mp4,47163795,yes
108_thermal,108_thermal_2026-07-09_14-00-30_to_15-00-30.mp4,47273551,yes
108_thermal,108_thermal_2026-07-09_15-00-30_to_16-00-29.mp4,47071547,yes
108_thermal,108_thermal_2026-07-09_16-00-29_to_17-00-29.mp4,46951945,yes
108_thermal,108_thermal_2026-07-09_17-00-29_to_18-00-29.mp4,47027291,yes
108_thermal,108_thermal_2026-07-09_18-00-29_to_19-00-29.mp4,46981106,yes
108_thermal,108_thermal_2026-07-09_19-00-29_to_20-00-29.mp4,46703178,yes
108_thermal,108_thermal_2026-07-09_20-00-29_to_21-00-29.mp4,46362700,yes
108_thermal,108_thermal_2026-07-09_21-00-29_to_22-00-29.mp4,46515231,yes
108_thermal,108_thermal_2026-07-09_22-00-29_to_23-00-29.mp4,46761953,yes
108_thermal,108_thermal_2026-07-09_23-00-29_to_00-00-29.mp4,46892899,yes
108_thermal,108_thermal_2026-07-10_00-00-29_to_01-00-29.mp4,46824321,yes
108_thermal,108_thermal_2026-07-10_01-00-29_to_02-00-29.mp4,46844029,yes
108_thermal,108_thermal_2026-07-10_02-00-29_to_03-00-29.mp4,46579796,yes
108_thermal,108_thermal_2026-07-10_03-00-29_to_04-00-29.mp4,46698813,yes
108_thermal,108_thermal_2026-07-10_04-00-29_to_05-00-28.mp4,46788271,yes
108_thermal,108_thermal_2026-07-10_05-00-28_to_06-00-28.mp4,46728784,yes
108_thermal,108_thermal_2026-07-10_06-00-28_to_07-00-28.mp4,46752720,yes
108_thermal,108_thermal_2026-07-10_07-00-28_to_08-00-28.mp4,46582136,yes
108_thermal,108_thermal_2026-07-10_08-00-28_to_09-00-28.mp4,46563476,yes
108_thermal,108_thermal_2026-07-10_09-00-28_to_10-00-28.mp4,46747752,yes
108_thermal,108_thermal_2026-07-10_10-00-28_to_11-00-28.mp4,46778067,yes
108_thermal,108_thermal_2026-07-10_11-00-28_to_12-00-28.mp4,46829176,yes
108_thermal,108_thermal_2026-07-10_12-00-28_to_13-00-28.mp4,47023532,yes
108_thermal,108_thermal_2026-07-10_13-00-28_to_14-00-30.mp4,47240288,yes
108_thermal,108_thermal_2026-07-10_14-00-30_to_15-00-30.mp4,47140586,yes
108_thermal,108_thermal_2026-07-10_15-00-30_to_16-00-30.mp4,47116249,yes
108_thermal,108_thermal_2026-07-10_16-00-30_to_17-00-30.mp4,46963666,yes
108_thermal,108_thermal_2026-07-10_17-00-30_to_18-00-30.mp4,46756788,yes
108_thermal,108_thermal_2026-07-10_18-00-30_to_19-00-30.mp4,46734960,yes
108_thermal,108_thermal_2026-07-10_19-00-30_to_20-00-29.mp4,46701424,yes
108_thermal,108_thermal_2026-07-10_20-00-29_to_21-00-29.mp4,46984450,yes
108_thermal,108_thermal_2026-07-10_21-00-29_to_22-00-29.mp4,46881198,yes
108_thermal,108_thermal_2026-07-10_22-00-29_to_23-00-29.mp4,46848531,yes
108_thermal,108_thermal_2026-07-10_23-00-29_to_00-00-29.mp4,46672685,yes
108_thermal,108_thermal_2026-07-11_00-00-29_to_01-00-29.mp4,46813796,yes
108_thermal,108_thermal_2026-07-11_01-00-29_to_02-00-29.mp4,46955743,yes
108_thermal,108_thermal_2026-07-11_02-00-29_to_03-00-29.mp4,46888276,yes
108_thermal,108_thermal_2026-07-11_03-00-29_to_04-00-29.mp4,46718514,yes
108_thermal,108_thermal_2026-07-11_04-00-29_to_05-00-29.mp4,46719149,yes
108_thermal,108_thermal_2026-07-11_05-00-29_to_06-00-29.mp4,46553320,yes
108_thermal,108_thermal_2026-07-11_06-00-29_to_07-00-29.mp4,46704864,yes
108_thermal,108_thermal_2026-07-11_07-00-29_to_08-00-29.mp4,46719347,yes
108_thermal,108_thermal_2026-07-11_08-00-29_to_09-00-28.mp4,46719076,yes
108_thermal,108_thermal_2026-07-11_09-00-28_to_10-00-28.mp4,47075676,yes
108_thermal,108_thermal_2026-07-11_10-00-28_to_11-00-28.mp4,47231405,yes
108_thermal,108_thermal_2026-07-11_11-00-28_to_12-00-28.mp4,47178908,yes
108_thermal,108_thermal_2026-07-11_12-00-28_to_13-00-28.mp4,47267111,yes
108_thermal,108_thermal_2026-07-11_13-00-28_to_14-00-28.mp4,47233906,yes
108_thermal,108_thermal_2026-07-11_14-00-28_to_15-00-28.mp4,46851005,yes
108_thermal,108_thermal_2026-07-11_15-00-28_to_16-00-28.mp4,47025360,yes
108_thermal,108_thermal_2026-07-11_16-00-28_to_17-00-28.mp4,47181344,yes
108_thermal,108_thermal_2026-07-11_17-00-28_to_18-00-28.mp4,47087197,yes
108_thermal,108_thermal_2026-07-11_18-00-28_to_19-00-30.mp4,46992783,yes
108_thermal,108_thermal_2026-07-11_19-00-30_to_20-00-30.mp4,47016090,yes
108_thermal,108_thermal_2026-07-11_20-00-30_to_21-00-30.mp4,46756674,yes
108_thermal,108_thermal_2026-07-11_21-00-30_to_22-00-30.mp4,46700255,yes
108_thermal,108_thermal_2026-07-11_22-00-30_to_23-00-30.mp4,46405216,yes
108_thermal,108_thermal_2026-07-11_23-00-30_to_00-00-30.mp4,46560203,yes
108_thermal,108_thermal_2026-07-12_00-00-30_to_01-00-30.mp4,46773052,yes
108_thermal,108_thermal_2026-07-12_01-00-30_to_02-00-30.mp4,46744477,yes
108_thermal,108_thermal_2026-07-12_02-00-30_to_03-00-30.mp4,46754299,yes
108_thermal,108_thermal_2026-07-12_03-00-30_to_04-00-29.mp4,46807232,yes
108_thermal,108_thermal_2026-07-12_04-00-29_to_05-00-29.mp4,46738998,yes
108_thermal,108_thermal_2026-07-12_05-00-29_to_06-00-29.mp4,46836192,yes
108_thermal,108_thermal_2026-07-12_06-00-29_to_07-00-29.mp4,47041586,yes
108_thermal,108_thermal_2026-07-12_07-00-29_to_08-00-29.mp4,47081541,yes
108_thermal,108_thermal_2026-07-12_08-00-29_to_09-00-29.mp4,46999327,yes
108_thermal,108_thermal_2026-07-12_09-00-29_to_10-00-29.mp4,47216691,yes
108_thermal,108_thermal_2026-07-12_10-00-29_to_11-00-29.mp4,47254716,yes
108_thermal,108_thermal_2026-07-12_11-00-29_to_12-00-29.mp4,47416744,yes
108_thermal,108_thermal_2026-07-12_12-00-29_to_13-00-29.mp4,47133034,yes
108_thermal,108_thermal_2026-07-12_13-00-29_to_14-00-30.mp4,47416036,yes
108_thermal,108_thermal_2026-07-12_14-00-30_to_15-00-30.mp4,47198905,yes
108_thermal,108_thermal_2026-07-12_15-00-30.mp4,31719515,NO
108_visual,108_visual_2026-06-25_13-00-51.mp4,786460,NO
108_visual,108_visual_2026-06-25_13-01-11.mp4,31981596,NO
108_visual,108_visual_2026-06-25_13-08-59.mp4,26476572,NO
108_visual,108_visual_2026-06-25_16-04-48.mp4,167247900,NO
108_visual,108_visual_2026-06-25_16-48-51.mp4,48124983,NO
108_visual,108_visual_2026-06-25_17-00-31.mp4,14976585,NO
108_visual,108_visual_2026-06-25_17-04-58.mp4,98566172,NO
108_visual,108_visual_2026-06-27_00-00-20_to_01-00-14.mp4,208093402,yes
108_visual,108_visual_2026-06-27_01-00-14_to_02-00-08.mp4,208215584,yes
108_visual,108_visual_2026-06-27_02-00-08_to_03-00-02.mp4,208602141,yes
108_visual,108_visual_2026-06-27_03-00-02_to_04-00-56.mp4,212387446,yes
108_visual,108_visual_2026-06-27_04-00-56_to_05-00-50.mp4,210443040,yes
108_visual,108_visual_2026-06-27_05-00-50_to_06-00-43.mp4,226238312,yes
108_visual,108_visual_2026-06-27_06-00-43_to_07-00-37.mp4,214781166,yes
108_visual,108_visual_2026-06-27_07-00-37_to_08-00-31.mp4,201118830,yes
108_visual,108_visual_2026-06-27_08-00-31_to_09-00-25.mp4,243709593,yes
108_visual,108_visual_2026-06-27_09-00-25_to_10-00-19.mp4,234983797,yes
108_visual,108_visual_2026-06-27_10-00-19_to_11-00-13.mp4,204497797,yes
108_visual,108_visual_2026-06-27_11-00-13_to_12-00-07.mp4,209303739,yes
108_visual,108_visual_2026-06-27_12-00-07_to_13-00-01.mp4,229510450,yes
108_visual,108_visual_2026-06-27_13-00-01_to_14-00-57.mp4,232161894,yes
108_visual,108_visual_2026-06-27_14-00-57_to_15-00-51.mp4,210447947,yes
108_visual,108_visual_2026-06-27_15-00-51_to_16-00-45.mp4,212694415,yes
108_visual,108_visual_2026-06-27_16-00-45_to_17-00-39.mp4,208137160,yes
108_visual,108_visual_2026-06-27_17-00-39_to_18-00-33.mp4,234429731,yes
108_visual,108_visual_2026-06-27_18-00-33_to_19-00-27.mp4,195995423,yes
108_visual,108_visual_2026-06-27_19-00-27_to_20-00-20.mp4,211513328,yes
108_visual,108_visual_2026-06-27_20-00-20_to_21-00-14.mp4,249625428,yes
108_visual,108_visual_2026-06-27_21-00-14_to_22-00-08.mp4,213113826,yes
108_visual,108_visual_2026-06-27_22-00-08_to_23-00-02.mp4,215878736,yes
108_visual,108_visual_2026-06-27_23-00-02_to_00-00-56.mp4,212381523,yes
108_visual,108_visual_2026-06-28_00-00-56_to_01-00-50.mp4,209175318,yes
108_visual,108_visual_2026-06-28_01-00-50.mp4,51334213,NO
108_visual,108_visual_2026-06-28_01-16-22.mp4,1959574,NO
108_visual,108_visual_2026-06-28_01-18-25_to_02-00-44.mp4,148427174,yes
108_visual,108_visual_2026-06-28_02-00-44_to_03-00-38.mp4,209660852,yes
108_visual,108_visual_2026-06-28_03-00-38_to_04-00-32.mp4,211045082,yes
108_visual,108_visual_2026-06-28_04-00-32_to_05-00-26.mp4,211235745,yes
108_visual,108_visual_2026-06-28_05-00-26_to_06-00-20.mp4,245983819,yes
108_visual,108_visual_2026-06-28_06-00-20_to_07-00-14.mp4,206703172,yes
108_visual,108_visual_2026-06-28_07-00-14_to_08-00-08.mp4,193951238,yes
108_visual,108_visual_2026-06-28_08-00-08_to_09-00-02.mp4,211855659,yes
108_visual,108_visual_2026-06-28_09-00-02_to_10-00-55.mp4,191150363,yes
108_visual,108_visual_2026-06-28_10-00-55_to_11-00-49.mp4,210661186,yes
108_visual,108_visual_2026-06-28_11-00-49_to_12-00-43.mp4,227611980,yes
108_visual,108_visual_2026-06-28_12-00-43_to_13-00-37.mp4,217200115,yes
108_visual,108_visual_2026-06-28_13-00-37_to_14-00-33.mp4,207266721,yes
108_visual,108_visual_2026-06-28_14-00-33_to_15-00-27.mp4,229234659,yes
108_visual,108_visual_2026-06-28_15-00-27_to_16-00-21.mp4,210257696,yes
108_visual,108_visual_2026-06-28_16-00-21_to_17-00-15.mp4,210326301,yes
108_visual,108_visual_2026-06-28_17-00-15_to_18-00-09.mp4,180808578,yes
108_visual,108_visual_2026-06-28_18-00-09_to_19-00-03.mp4,209134400,yes
108_visual,108_visual_2026-06-28_19-00-03_to_20-00-57.mp4,220339025,yes
108_visual,108_visual_2026-06-28_20-00-57_to_21-00-50.mp4,257307917,yes
108_visual,108_visual_2026-06-28_21-00-50_to_22-00-44.mp4,194123377,yes
108_visual,108_visual_2026-06-28_22-00-44_to_23-00-38.mp4,197128273,yes
108_visual,108_visual_2026-06-28_23-00-38_to_00-00-32.mp4,206434297,yes
108_visual,108_visual_2026-06-29_00-00-32_to_01-00-26.mp4,205444311,yes
108_visual,108_visual_2026-06-29_01-00-26_to_02-00-20.mp4,205737691,yes
108_visual,108_visual_2026-06-29_02-00-20_to_03-00-14.mp4,205880610,yes
108_visual,108_visual_2026-06-29_03-00-14_to_04-00-08.mp4,205912936,yes
108_visual,108_visual_2026-06-29_04-00-08_to_05-00-02.mp4,205911553,yes
108_visual,108_visual_2026-06-29_05-00-02_to_06-00-56.mp4,254637676,yes
108_visual,108_visual_2026-06-29_06-00-56_to_07-00-50.mp4,243251987,yes
108_visual,108_visual_2026-06-29_07-00-50_to_08-00-43.mp4,217250731,yes
108_visual,108_visual_2026-06-29_08-00-43_to_09-00-37.mp4,221735359,yes
108_visual,108_visual_2026-06-29_09-00-37_to_10-00-31.mp4,205294545,yes
108_visual,108_visual_2026-06-29_10-00-31_to_11-00-25.mp4,209844807,yes
108_visual,108_visual_2026-06-29_11-00-25_to_12-00-19.mp4,219992992,yes
108_visual,108_visual_2026-06-29_12-00-19_to_13-00-15.mp4,222064623,yes
108_visual,108_visual_2026-06-29_13-00-15_to_14-00-09.mp4,236038372,yes
108_visual,108_visual_2026-06-29_14-00-09_to_15-00-03.mp4,217046494,yes
108_visual,108_visual_2026-06-29_15-00-03_to_16-00-57.mp4,243696863,yes
108_visual,108_visual_2026-06-29_16-00-57_to_17-00-51.mp4,241498190,yes
108_visual,108_visual_2026-06-29_17-00-51_to_17-46-29.mp4,186122268,yes
108_visual,108_visual_2026-06-29_17-46-29_to_18-00-45.mp4,52723437,yes
108_visual,108_visual_2026-06-29_18-00-45_to_19-00-39.mp4,245977263,yes
108_visual,108_visual_2026-06-29_19-00-39_to_20-00-33.mp4,257759488,yes
108_visual,108_visual_2026-06-29_20-00-33_to_21-00-27.mp4,263979623,yes
108_visual,108_visual_2026-06-29_21-00-27_to_22-00-20.mp4,203321091,yes
108_visual,108_visual_2026-06-29_22-00-20_to_23-00-14.mp4,203951670,yes
108_visual,108_visual_2026-06-29_23-00-14_to_00-00-08.mp4,204843900,yes
108_visual,108_visual_2026-06-30_00-00-08_to_01-00-02.mp4,206194254,yes
108_visual,108_visual_2026-06-30_01-00-02_to_02-00-56.mp4,208942970,yes
108_visual,108_visual_2026-06-30_02-00-56_to_03-04-18.mp4,202899484,yes
108_visual,108_visual_2026-06-30_03-04-18_to_04-00-20.mp4,185602729,yes
108_visual,108_visual_2026-06-30_04-00-20_to_05-00-14.mp4,196564221,yes
108_visual,108_visual_2026-06-30_05-00-14_to_06-00-07.mp4,215828366,yes
108_visual,108_visual_2026-06-30_06-00-07_to_07-00-01.mp4,225638020,yes
108_visual,108_visual_2026-06-30_07-00-01_to_08-00-55.mp4,220395411,yes
108_visual,108_visual_2026-06-30_08-00-55_to_09-00-49.mp4,221885333,yes
108_visual,108_visual_2026-06-30_09-00-49_to_10-00-43.mp4,248663072,yes
108_visual,108_visual_2026-06-30_10-00-43_to_11-00-37.mp4,244192372,yes
108_visual,108_visual_2026-06-30_11-00-37_to_12-00-31.mp4,227367957,yes
108_visual,108_visual_2026-06-30_12-00-31_to_13-00-25.mp4,216091909,yes
108_visual,108_visual_2026-06-30_13-00-25_to_14-00-21.mp4,195375764,yes
108_visual,108_visual_2026-06-30_14-00-21_to_15-00-15.mp4,239670017,yes
108_visual,108_visual_2026-06-30_15-00-15_to_16-00-09.mp4,230770864,yes
108_visual,108_visual_2026-06-30_16-00-09_to_17-00-03.mp4,240076287,yes
108_visual,108_visual_2026-06-30_17-00-03_to_18-00-57.mp4,210953603,yes
108_visual,108_visual_2026-06-30_18-00-57_to_19-00-51.mp4,228050338,yes
108_visual,108_visual_2026-06-30_19-00-51_to_20-00-45.mp4,231127592,yes
108_visual,108_visual_2026-06-30_20-00-45_to_21-00-38.mp4,234088619,yes
108_visual,108_visual_2026-06-30_21-00-38_to_22-00-32.mp4,195914461,yes
108_visual,108_visual_2026-06-30_22-00-32_to_23-00-01.mp4,495943436,yes
108_visual,108_visual_2026-06-30_23-00-01_to_00-00-01.mp4,570749884,yes
108_visual,108_visual_2026-07-01_00-00-01_to_01-00-01.mp4,559797049,yes
108_visual,108_visual_2026-07-01_01-00-01_to_02-00-01.mp4,563264270,yes
108_visual,108_visual_2026-07-01_02-00-01_to_03-00-01.mp4,570068103,yes
108_visual,108_visual_2026-07-01_03-00-01_to_04-00-01.mp4,567164685,yes
108_visual,108_visual_2026-07-01_04-00-01_to_05-00-01.mp4,570840012,yes
108_visual,108_visual_2026-07-01_05-00-01_to_06-00-01.mp4,657280258,yes
108_visual,108_visual_2026-07-01_06-00-01_to_07-00-01.mp4,676019904,yes
108_visual,108_visual_2026-07-01_07-00-01_to_08-00-01.mp4,708696785,yes
108_visual,108_visual_2026-07-01_08-00-01_to_09-00-01.mp4,710798557,yes
108_visual,108_visual_2026-07-01_09-00-01_to_10-00-00.mp4,662516612,yes
108_visual,108_visual_2026-07-01_10-00-00_to_11-00-00.mp4,678171757,yes
108_visual,108_visual_2026-07-01_11-00-00_to_12-00-00.mp4,717844527,yes
108_visual,108_visual_2026-07-01_12-00-00_to_13-00-00.mp4,711980011,yes
108_visual,108_visual_2026-07-01_13-00-00_to_14-00-00.mp4,726961196,yes
108_visual,108_visual_2026-07-01_14-00-00_to_15-00-00.mp4,717793610,yes
108_visual,108_visual_2026-07-01_15-00-00_to_16-00-00.mp4,696804076,yes
108_visual,108_visual_2026-07-01_16-00-00_to_17-00-00.mp4,681331801,yes
108_visual,108_visual_2026-07-01_17-00-00_to_18-00-00.mp4,681489438,yes
108_visual,108_visual_2026-07-01_18-00-00_to_19-00-00.mp4,701692245,yes
108_visual,108_visual_2026-07-01_19-00-00_to_20-00-00.mp4,673823331,yes
108_visual,108_visual_2026-07-01_20-00-00_to_21-00-01.mp4,654945261,yes
108_visual,108_visual_2026-07-01_21-00-01_to_22-00-01.mp4,521089535,yes
108_visual,108_visual_2026-07-01_22-00-01_to_23-00-01.mp4,573668107,yes
108_visual,108_visual_2026-07-01_23-00-01_to_00-00-01.mp4,576585481,yes
108_visual,108_visual_2026-07-02_00-00-01_to_01-00-01.mp4,559266025,yes
108_visual,108_visual_2026-07-02_01-00-01_to_02-00-01.mp4,555420863,yes
108_visual,108_visual_2026-07-02_02-00-01_to_03-00-01.mp4,563318941,yes
108_visual,108_visual_2026-07-02_03-00-01_to_04-00-01.mp4,552801893,yes
108_visual,108_visual_2026-07-02_04-00-01_to_05-00-01.mp4,555549051,yes
108_visual,108_visual_2026-07-02_05-00-01_to_06-00-01.mp4,668143578,yes
108_visual,108_visual_2026-07-02_06-00-01_to_07-00-01.mp4,680761366,yes
108_visual,108_visual_2026-07-02_07-00-01_to_08-00-01.mp4,708033295,yes
108_visual,108_visual_2026-07-02_08-00-01_to_09-00-01.mp4,705667438,yes
108_visual,108_visual_2026-07-02_09-00-01_to_10-00-00.mp4,669394310,yes
108_visual,108_visual_2026-07-02_10-00-00_to_11-00-00.mp4,668344668,yes
108_visual,108_visual_2026-07-02_11-00-00_to_12-00-00.mp4,662432939,yes
108_visual,108_visual_2026-07-02_12-00-00_to_13-00-01.mp4,693157685,yes
108_visual,108_visual_2026-07-02_13-00-01_to_14-00-01.mp4,663038611,yes
108_visual,108_visual_2026-07-02_14-00-01_to_15-00-00.mp4,704291202,yes
108_visual,108_visual_2026-07-02_15-00-00_to_16-00-00.mp4,693449005,yes
108_visual,108_visual_2026-07-02_16-00-00_to_17-00-00.mp4,676044621,yes
108_visual,108_visual_2026-07-02_17-00-00_to_18-00-00.mp4,699405910,yes
108_visual,108_visual_2026-07-02_18-00-00_to_19-00-00.mp4,669867105,yes
108_visual,108_visual_2026-07-02_19-00-00_to_20-00-00.mp4,664077817,yes
108_visual,108_visual_2026-07-02_20-00-00_to_21-00-00.mp4,654710604,yes
108_visual,108_visual_2026-07-02_21-00-00_to_22-00-00.mp4,542445509,yes
108_visual,108_visual_2026-07-02_22-00-00_to_23-00-00.mp4,547185903,yes
108_visual,108_visual_2026-07-02_23-00-00_to_00-00-00.mp4,545795777,yes
108_visual,108_visual_2026-07-03_00-00-00_to_01-00-00.mp4,564412972,yes
108_visual,108_visual_2026-07-03_01-00-00_to_02-00-00.mp4,563962733,yes
108_visual,108_visual_2026-07-03_02-00-00_to_03-00-00.mp4,550027750,yes
108_visual,108_visual_2026-07-03_03-00-00_to_04-00-01.mp4,547387321,yes
108_visual,108_visual_2026-07-03_04-00-01_to_05-00-01.mp4,547450204,yes
108_visual,108_visual_2026-07-03_05-00-01_to_06-00-01.mp4,667989407,yes
108_visual,108_visual_2026-07-03_06-00-01_to_07-00-01.mp4,680842348,yes
108_visual,108_visual_2026-07-03_07-00-01_to_08-00-01.mp4,701112906,yes
108_visual,108_visual_2026-07-03_08-00-01_to_09-00-01.mp4,680527771,yes
108_visual,108_visual_2026-07-03_09-00-01_to_10-00-01.mp4,664075357,yes
108_visual,108_visual_2026-07-03_10-00-01_to_11-00-01.mp4,662353722,yes
108_visual,108_visual_2026-07-03_11-00-01_to_12-00-01.mp4,680890702,yes
108_visual,108_visual_2026-07-03_12-00-01_to_13-00-01.mp4,678223989,yes
108_visual,108_visual_2026-07-03_13-00-01_to_14-00-01.mp4,728583568,yes
108_visual,108_visual_2026-07-03_14-00-01_to_15-00-01.mp4,699552561,yes
108_visual,108_visual_2026-07-03_15-00-01_to_16-00-01.mp4,682461854,yes
108_visual,108_visual_2026-07-03_16-00-01_to_17-00-01.mp4,672957532,yes
108_visual,108_visual_2026-07-03_17-00-01_to_18-00-01.mp4,651206878,yes
108_visual,108_visual_2026-07-03_18-00-01_to_19-00-01.mp4,710533173,yes
108_visual,108_visual_2026-07-03_19-00-01_to_20-00-01.mp4,686045785,yes
108_visual,108_visual_2026-07-03_20-00-01_to_21-00-01.mp4,658337672,yes
108_visual,108_visual_2026-07-03_21-00-01_to_22-00-01.mp4,556722589,yes
108_visual,108_visual_2026-07-03_22-00-01_to_23-00-01.mp4,551990094,yes
108_visual,108_visual_2026-07-03_23-00-01_to_00-00-01.mp4,549961175,yes
108_visual,108_visual_2026-07-04_00-00-01_to_01-00-00.mp4,551056878,yes
108_visual,108_visual_2026-07-04_01-00-00_to_02-00-00.mp4,558292066,yes
108_visual,108_visual_2026-07-04_02-00-00_to_03-00-00.mp4,614258653,yes
108_visual,108_visual_2026-07-04_03-00-00_to_04-00-00.mp4,612904636,yes
108_visual,108_visual_2026-07-04_04-00-00_to_05-00-00.mp4,606952493,yes
108_visual,108_visual_2026-07-04_05-00-00_to_06-00-00.mp4,660632635,yes
108_visual,108_visual_2026-07-04_06-00-00_to_07-00-00.mp4,674555347,yes
108_visual,108_visual_2026-07-04_07-00-00_to_08-00-00.mp4,692569587,yes
108_visual,108_visual_2026-07-04_08-00-00_to_09-00-00.mp4,693125939,yes
108_visual,108_visual_2026-07-04_09-00-00_to_10-00-00.mp4,698762513,yes
108_visual,108_visual_2026-07-04_10-00-00_to_11-00-00.mp4,675008607,yes
108_visual,108_visual_2026-07-04_11-00-00_to_12-00-00.mp4,685918071,yes
108_visual,108_visual_2026-07-04_12-00-00_to_13-00-01.mp4,696529138,yes
108_visual,108_visual_2026-07-04_13-00-01_to_14-00-01.mp4,714343232,yes
108_visual,108_visual_2026-07-04_14-00-01_to_15-00-01.mp4,698086985,yes
108_visual,108_visual_2026-07-04_15-00-01_to_16-00-01.mp4,689435791,yes
108_visual,108_visual_2026-07-04_16-00-01_to_17-00-01.mp4,670452237,yes
108_visual,108_visual_2026-07-04_17-00-01_to_18-00-01.mp4,687003478,yes
108_visual,108_visual_2026-07-04_18-00-01_to_19-00-01.mp4,695838718,yes
108_visual,108_visual_2026-07-04_19-00-01_to_20-00-01.mp4,676546281,yes
108_visual,108_visual_2026-07-04_20-00-01_to_21-00-01.mp4,658753531,yes
108_visual,108_visual_2026-07-04_21-00-01_to_22-00-01.mp4,540093964,yes
108_visual,108_visual_2026-07-04_22-00-01_to_23-00-00.mp4,562845564,yes
108_visual,108_visual_2026-07-04_23-00-00_to_00-00-00.mp4,560538118,yes
108_visual,108_visual_2026-07-05_00-00-00_to_01-00-00.mp4,559789525,yes
108_visual,108_visual_2026-07-05_01-00-00_to_02-00-00.mp4,597422060,yes
108_visual,108_visual_2026-07-05_02-00-00_to_03-00-00.mp4,595958711,yes
108_visual,108_visual_2026-07-05_03-00-00_to_04-00-00.mp4,551920421,yes
108_visual,108_visual_2026-07-05_04-00-00_to_05-00-00.mp4,552578123,yes
108_visual,108_visual_2026-07-05_05-00-00_to_06-00-00.mp4,659450492,yes
108_visual,108_visual_2026-07-05_06-00-00_to_07-00-00.mp4,670003621,yes
108_visual,108_visual_2026-07-05_07-00-00_to_08-00-00.mp4,687480618,yes
108_visual,108_visual_2026-07-05_08-00-00_to_09-00-00.mp4,690885404,yes
108_visual,108_visual_2026-07-05_09-00-00_to_10-00-00.mp4,693397902,yes
108_visual,108_visual_2026-07-05_10-00-00_to_11-00-01.mp4,691497321,yes
108_visual,108_visual_2026-07-05_11-00-01_to_12-00-01.mp4,688209594,yes
108_visual,108_visual_2026-07-05_12-00-01_to_13-00-01.mp4,689184233,yes
108_visual,108_visual_2026-07-05_13-00-01_to_14-00-01.mp4,691276661,yes
108_visual,108_visual_2026-07-05_14-00-01_to_15-00-01.mp4,694805376,yes
108_visual,108_visual_2026-07-05_15-00-01_to_16-00-01.mp4,694159532,yes
108_visual,108_visual_2026-07-05_16-00-01_to_17-00-01.mp4,684314356,yes
108_visual,108_visual_2026-07-05_17-00-01_to_18-00-01.mp4,660724152,yes
108_visual,108_visual_2026-07-05_18-00-01_to_19-00-01.mp4,684635397,yes
108_visual,108_visual_2026-07-05_19-00-01_to_20-00-01.mp4,668654594,yes
108_visual,108_visual_2026-07-05_20-00-01_to_21-00-01.mp4,643529098,yes
108_visual,108_visual_2026-07-05_21-00-01_to_22-00-01.mp4,573439048,yes
108_visual,108_visual_2026-07-05_22-00-01_to_23-00-01.mp4,571025860,yes
108_visual,108_visual_2026-07-05_23-00-01_to_00-00-00.mp4,564927830,yes
108_visual,108_visual_2026-07-06_00-00-00_to_01-00-00.mp4,558326344,yes
108_visual,108_visual_2026-07-06_01-00-00_to_02-00-00.mp4,553698960,yes
108_visual,108_visual_2026-07-06_02-00-00_to_03-00-00.mp4,552777503,yes
108_visual,108_visual_2026-07-06_03-00-00_to_04-00-00.mp4,562596806,yes
108_visual,108_visual_2026-07-06_04-00-00_to_05-00-00.mp4,565745093,yes
108_visual,108_visual_2026-07-06_05-00-00_to_06-00-00.mp4,622100885,yes
108_visual,108_visual_2026-07-06_06-00-00_to_07-00-00.mp4,681559404,yes
108_visual,108_visual_2026-07-06_07-00-00_to_08-00-00.mp4,695106402,yes
108_visual,108_visual_2026-07-06_08-00-00_to_09-00-00.mp4,696638366,yes
108_visual,108_visual_2026-07-06_09-00-00_to_10-00-00.mp4,698913562,yes
108_visual,108_visual_2026-07-06_10-00-00_to_11-00-00.mp4,700875463,yes
108_visual,108_visual_2026-07-06_11-00-00_to_12-00-01.mp4,701717213,yes
108_visual,108_visual_2026-07-06_12-00-01_to_13-00-01.mp4,699587906,yes
108_visual,108_visual_2026-07-06_13-00-01_to_14-00-01.mp4,697321997,yes
108_visual,108_visual_2026-07-06_14-00-01_to_15-00-01.mp4,692608973,yes
108_visual,108_visual_2026-07-06_15-00-01_to_16-00-01.mp4,693100715,yes
108_visual,108_visual_2026-07-06_16-00-01_to_17-00-01.mp4,692553459,yes
108_visual,108_visual_2026-07-06_17-00-01_to_18-00-01.mp4,688837146,yes
108_visual,108_visual_2026-07-06_18-00-01_to_19-00-01.mp4,680043672,yes
108_visual,108_visual_2026-07-06_19-00-01_to_20-00-01.mp4,662584759,yes
108_visual,108_visual_2026-07-06_20-00-01_to_21-00-01.mp4,632889978,yes
108_visual,108_visual_2026-07-06_21-00-01_to_22-00-01.mp4,514284348,yes
108_visual,108_visual_2026-07-06_22-00-01_to_23-00-01.mp4,558735712,yes
108_visual,108_visual_2026-07-06_23-00-01_to_00-00-01.mp4,570327801,yes
108_visual,108_visual_2026-07-07_00-00-01_to_01-00-00.mp4,562989928,yes
108_visual,108_visual_2026-07-07_01-00-00_to_02-00-00.mp4,556029726,yes
108_visual,108_visual_2026-07-07_02-00-00_to_03-04-22.mp4,553648246,yes
108_visual,108_visual_2026-07-07_03-04-22_to_04-00-00.mp4,511035196,yes
108_visual,108_visual_2026-07-07_04-00-00_to_05-00-00.mp4,561130040,yes
108_visual,108_visual_2026-07-07_05-00-00_to_06-00-01.mp4,633431132,yes
108_visual,108_visual_2026-07-07_06-00-01_to_07-00-01.mp4,688662561,yes
108_visual,108_visual_2026-07-07_07-00-01_to_08-00-01.mp4,695364864,yes
108_visual,108_visual_2026-07-07_08-00-01_to_09-00-01.mp4,694320320,yes
108_visual,108_visual_2026-07-07_09-00-01_to_10-00-01.mp4,699566822,yes
108_visual,108_visual_2026-07-07_10-00-01_to_11-00-01.mp4,703353711,yes
108_visual,108_visual_2026-07-07_11-00-01_to_12-00-01.mp4,703978481,yes
108_visual,108_visual_2026-07-07_12-00-01_to_13-00-01.mp4,696655165,yes
108_visual,108_visual_2026-07-07_13-00-01_to_14-00-01.mp4,686751259,yes
108_visual,108_visual_2026-07-07_14-00-01_to_15-00-01.mp4,684913608,yes
108_visual,108_visual_2026-07-07_15-00-01_to_16-00-01.mp4,700480514,yes
108_visual,108_visual_2026-07-07_16-00-01_to_17-00-01.mp4,697295742,yes
108_visual,108_visual_2026-07-07_17-00-01_to_18-00-01.mp4,680939826,yes
108_visual,108_visual_2026-07-07_18-00-01_to_19-00-00.mp4,673876481,yes
108_visual,108_visual_2026-07-07_19-00-00_to_20-00-00.mp4,674635453,yes
108_visual,108_visual_2026-07-07_20-00-00_to_21-00-00.mp4,654748127,yes
108_visual,108_visual_2026-07-07_21-00-00_to_22-00-00.mp4,573989041,yes
108_visual,108_visual_2026-07-07_22-00-00_to_23-00-00.mp4,573020554,yes
108_visual,108_visual_2026-07-07_23-00-00_to_00-00-00.mp4,563247351,yes
108_visual,108_visual_2026-07-08_00-00-00_to_01-00-00.mp4,554831813,yes
108_visual,108_visual_2026-07-08_01-00-00_to_02-00-00.mp4,531174154,yes
108_visual,108_visual_2026-07-08_02-00-00_to_03-00-00.mp4,532102662,yes
108_visual,108_visual_2026-07-08_03-00-00_to_04-00-00.mp4,532561680,yes
108_visual,108_visual_2026-07-08_04-00-00_to_05-00-00.mp4,533311305,yes
108_visual,108_visual_2026-07-08_05-00-00_to_06-00-00.mp4,594528149,yes
108_visual,108_visual_2026-07-08_06-00-00_to_07-00-01.mp4,674029969,yes
108_visual,108_visual_2026-07-08_07-00-01_to_08-00-01.mp4,645559999,yes
108_visual,108_visual_2026-07-08_08-00-01_to_09-00-01.mp4,669098413,yes
108_visual,108_visual_2026-07-08_09-00-01_to_10-00-01.mp4,691067875,yes
108_visual,108_visual_2026-07-08_10-00-01_to_11-00-01.mp4,694638269,yes
108_visual,108_visual_2026-07-08_11-00-01_to_12-00-01.mp4,690018870,yes
108_visual,108_visual_2026-07-08_12-00-01_to_13-00-01.mp4,689807874,yes
108_visual,108_visual_2026-07-08_13-00-01_to_14-00-00.mp4,690945921,yes
108_visual,108_visual_2026-07-08_14-00-00_to_15-00-00.mp4,695017609,yes
108_visual,108_visual_2026-07-08_15-00-00_to_16-00-00.mp4,698280675,yes
108_visual,108_visual_2026-07-08_16-00-00_to_17-00-01.mp4,695923336,yes
108_visual,108_visual_2026-07-08_17-00-01_to_18-00-01.mp4,669618739,yes
108_visual,108_visual_2026-07-08_18-00-01_to_19-00-01.mp4,645704599,yes
108_visual,108_visual_2026-07-08_19-00-01_to_20-00-01.mp4,658355510,yes
108_visual,108_visual_2026-07-08_20-00-01_to_21-00-01.mp4,638235187,yes
108_visual,108_visual_2026-07-08_21-00-01_to_22-00-01.mp4,544652308,yes
108_visual,108_visual_2026-07-08_22-00-01_to_23-00-01.mp4,548219415,yes
108_visual,108_visual_2026-07-08_23-00-01_to_00-00-01.mp4,536275784,yes
108_visual,108_visual_2026-07-09_00-00-01_to_01-00-01.mp4,529625952,yes
108_visual,108_visual_2026-07-09_01-00-01_to_02-00-01.mp4,529212610,yes
108_visual,108_visual_2026-07-09_02-00-01_to_03-00-01.mp4,529015863,yes
108_visual,108_visual_2026-07-09_03-00-01_to_04-00-01.mp4,531994551,yes
108_visual,108_visual_2026-07-09_04-00-01_to_05-00-00.mp4,531199071,yes
108_visual,108_visual_2026-07-09_05-00-00_to_06-00-00.mp4,589890356,yes
108_visual,108_visual_2026-07-09_06-00-00_to_07-00-00.mp4,677617377,yes
108_visual,108_visual_2026-07-09_07-00-00_to_08-00-00.mp4,645024332,yes
108_visual,108_visual_2026-07-09_08-00-00_to_09-00-00.mp4,635152062,yes
108_visual,108_visual_2026-07-09_09-00-00_to_10-00-00.mp4,687505021,yes
108_visual,108_visual_2026-07-09_10-00-00_to_11-00-00.mp4,687962535,yes
108_visual,108_visual_2026-07-09_11-00-00_to_12-00-00.mp4,687586529,yes
108_visual,108_visual_2026-07-09_12-00-00_to_13-00-00.mp4,690277423,yes
108_visual,108_visual_2026-07-09_13-00-00_to_14-00-01.mp4,690882137,yes
108_visual,108_visual_2026-07-09_14-00-01_to_15-00-01.mp4,693107150,yes
108_visual,108_visual_2026-07-09_15-00-01_to_16-00-01.mp4,685988911,yes
108_visual,108_visual_2026-07-09_16-00-01_to_17-00-01.mp4,690106444,yes
108_visual,108_visual_2026-07-09_17-00-01_to_18-00-01.mp4,681044595,yes
108_visual,108_visual_2026-07-09_18-00-01_to_19-00-01.mp4,645736946,yes
108_visual,108_visual_2026-07-09_19-00-01_to_20-00-01.mp4,645704538,yes
108_visual,108_visual_2026-07-09_20-00-01_to_21-00-01.mp4,605477473,yes
108_visual,108_visual_2026-07-09_21-00-01_to_22-00-01.mp4,542243323,yes
108_visual,108_visual_2026-07-09_22-00-01_to_23-00-00.mp4,529593718,yes
108_visual,108_visual_2026-07-09_23-00-00_to_00-00-00.mp4,514301887,yes
108_visual,108_visual_2026-07-10_00-00-00_to_01-00-00.mp4,515142284,yes
108_visual,108_visual_2026-07-10_01-00-00_to_02-00-00.mp4,513931139,yes
108_visual,108_visual_2026-07-10_02-00-00_to_03-00-00.mp4,512237535,yes
108_visual,108_visual_2026-07-10_03-00-00_to_04-00-00.mp4,512576038,yes
108_visual,108_visual_2026-07-10_04-00-00_to_05-00-00.mp4,513829182,yes
108_visual,108_visual_2026-07-10_05-00-00_to_06-00-00.mp4,583090429,yes
108_visual,108_visual_2026-07-10_06-00-00_to_07-00-00.mp4,696479433,yes
108_visual,108_visual_2026-07-10_07-00-00_to_08-00-00.mp4,636476802,yes
108_visual,108_visual_2026-07-10_08-00-00_to_09-00-00.mp4,632878444,yes
108_visual,108_visual_2026-07-10_09-00-00_to_10-00-00.mp4,645429924,yes
108_visual,108_visual_2026-07-10_10-00-00_to_11-00-01.mp4,651242848,yes
108_visual,108_visual_2026-07-10_11-00-01_to_12-00-01.mp4,655215860,yes
108_visual,108_visual_2026-07-10_12-00-01_to_13-00-01.mp4,671729436,yes
108_visual,108_visual_2026-07-10_13-00-01_to_14-00-01.mp4,679252429,yes
108_visual,108_visual_2026-07-10_14-00-01_to_15-00-01.mp4,677463390,yes
108_visual,108_visual_2026-07-10_15-00-01_to_16-00-01.mp4,677475312,yes
108_visual,108_visual_2026-07-10_16-00-01_to_17-00-01.mp4,686876887,yes
108_visual,108_visual_2026-07-10_17-00-01_to_18-00-01.mp4,673898470,yes
108_visual,108_visual_2026-07-10_18-00-01_to_19-00-01.mp4,642582412,yes
108_visual,108_visual_2026-07-10_19-00-01_to_20-00-01.mp4,654065089,yes
108_visual,108_visual_2026-07-10_20-00-01_to_21-00-01.mp4,641448559,yes
108_visual,108_visual_2026-07-10_21-00-01_to_22-00-01.mp4,537343060,yes
108_visual,108_visual_2026-07-10_22-00-01_to_23-00-01.mp4,543021277,yes
108_visual,108_visual_2026-07-10_23-00-01_to_00-00-01.mp4,537469928,yes
108_visual,108_visual_2026-07-11_00-00-01_to_01-00-00.mp4,535140938,yes
108_visual,108_visual_2026-07-11_01-00-00_to_02-00-00.mp4,535481951,yes
108_visual,108_visual_2026-07-11_02-00-00_to_03-00-00.mp4,534509655,yes
108_visual,108_visual_2026-07-11_03-00-00_to_04-00-00.mp4,529269078,yes
108_visual,108_visual_2026-07-11_04-00-00_to_05-00-00.mp4,520750102,yes
108_visual,108_visual_2026-07-11_05-00-00_to_06-00-00.mp4,578086904,yes
108_visual,108_visual_2026-07-11_06-00-00_to_07-00-00.mp4,699866361,yes
108_visual,108_visual_2026-07-11_07-00-00_to_08-00-00.mp4,649458144,yes
108_visual,108_visual_2026-07-11_08-00-00_to_09-00-00.mp4,673396818,yes
108_visual,108_visual_2026-07-11_09-00-00_to_10-00-00.mp4,689842308,yes
108_visual,108_visual_2026-07-11_10-00-00_to_11-00-00.mp4,696078367,yes
108_visual,108_visual_2026-07-11_11-00-00_to_12-00-00.mp4,689797962,yes
108_visual,108_visual_2026-07-11_12-00-00_to_13-00-01.mp4,679482174,yes
108_visual,108_visual_2026-07-11_13-00-01_to_14-00-01.mp4,682142361,yes
108_visual,108_visual_2026-07-11_14-00-01_to_15-00-01.mp4,655246414,yes
108_visual,108_visual_2026-07-11_15-00-01_to_16-00-01.mp4,656670403,yes
108_visual,108_visual_2026-07-11_16-00-01_to_17-00-01.mp4,683435577,yes
108_visual,108_visual_2026-07-11_17-00-01_to_18-00-01.mp4,678363164,yes
108_visual,108_visual_2026-07-11_18-00-01_to_19-00-01.mp4,657443472,yes
108_visual,108_visual_2026-07-11_19-00-01_to_20-00-01.mp4,639517942,yes
108_visual,108_visual_2026-07-11_20-00-01_to_21-00-01.mp4,620923930,yes
108_visual,108_visual_2026-07-11_21-00-01_to_22-00-01.mp4,542539100,yes
108_visual,108_visual_2026-07-11_22-00-01_to_23-00-01.mp4,540428541,yes
108_visual,108_visual_2026-07-11_23-00-01_to_00-00-01.mp4,539348459,yes
108_visual,108_visual_2026-07-12_00-00-01_to_01-00-01.mp4,540074703,yes
108_visual,108_visual_2026-07-12_01-00-01_to_02-00-01.mp4,536673015,yes
108_visual,108_visual_2026-07-12_02-00-01_to_03-00-01.mp4,532984459,yes
108_visual,108_visual_2026-07-12_03-00-01_to_04-00-01.mp4,533184548,yes
108_visual,108_visual_2026-07-12_04-00-01_to_05-00-01.mp4,525823900,yes
108_visual,108_visual_2026-07-12_05-00-01_to_06-00-00.mp4,579181196,yes
108_visual,108_visual_2026-07-12_06-00-00_to_07-00-00.mp4,670738517,yes
108_visual,108_visual_2026-07-12_07-00-00_to_08-00-00.mp4,632969499,yes
108_visual,108_visual_2026-07-12_08-00-00_to_09-00-00.mp4,672828422,yes
108_visual,108_visual_2026-07-12_09-00-00_to_10-00-00.mp4,687693697,yes
108_visual,108_visual_2026-07-12_10-00-00_to_11-00-00.mp4,696295275,yes
108_visual,108_visual_2026-07-12_11-00-00_to_12-00-00.mp4,695806479,yes
108_visual,108_visual_2026-07-12_12-00-00_to_13-00-00.mp4,695384004,yes
108_visual,108_visual_2026-07-12_13-00-00_to_14-00-00.mp4,697546516,yes
108_visual,108_visual_2026-07-12_14-00-00_to_15-00-01.mp4,694745078,yes
108_visual,108_visual_2026-07-12_15-00-01.mp4,470548529,NO
109_thermal,109_thermal_2026-06-25_13-00-01.mp4,3932188,NO
109_thermal,109_thermal_2026-06-25_13-01-13.mp4,32243740,NO
109_thermal,109_thermal_2026-06-25_13-09-01.mp4,27787292,NO
109_thermal,109_thermal_2026-06-25_16-04-50.mp4,189268029,NO
109_thermal,109_thermal_2026-06-25_16-48-54.mp4,45559770,NO
109_thermal,109_thermal_2026-06-25_17-00-32.mp4,15685358,NO
109_thermal,109_thermal_2026-06-25_17-04-58.mp4,93323292,NO
109_thermal,109_thermal_2026-06-27_00-00-01_to_01-00-01.mp4,254989993,yes
109_thermal,109_thermal_2026-06-27_01-00-01_to_02-00-01.mp4,255714387,yes
109_thermal,109_thermal_2026-06-27_02-00-01_to_03-00-01.mp4,253835997,yes
109_thermal,109_thermal_2026-06-27_03-00-01_to_04-00-01.mp4,259582873,yes
109_thermal,109_thermal_2026-06-27_04-00-01_to_05-00-01.mp4,260312912,yes
109_thermal,109_thermal_2026-06-27_05-00-01_to_06-00-01.mp4,254172744,yes
109_thermal,109_thermal_2026-06-27_06-00-01_to_07-00-01.mp4,262034305,yes
109_thermal,109_thermal_2026-06-27_07-00-01_to_08-00-01.mp4,256443655,yes
109_thermal,109_thermal_2026-06-27_08-00-01_to_09-00-01.mp4,260136289,yes
109_thermal,109_thermal_2026-06-27_09-00-01_to_10-00-01.mp4,259403051,yes
109_thermal,109_thermal_2026-06-27_10-00-01_to_11-00-01.mp4,263828696,yes
109_thermal,109_thermal_2026-06-27_11-00-01_to_12-00-00.mp4,261309488,yes
109_thermal,109_thermal_2026-06-27_12-00-00_to_13-00-00.mp4,263002718,yes
109_thermal,109_thermal_2026-06-27_13-00-00_to_14-00-00.mp4,265737416,yes
109_thermal,109_thermal_2026-06-27_14-00-00_to_15-00-00.mp4,267731610,yes
109_thermal,109_thermal_2026-06-27_15-00-00_to_16-00-00.mp4,264298747,yes
109_thermal,109_thermal_2026-06-27_16-00-00_to_17-00-00.mp4,262606157,yes
109_thermal,109_thermal_2026-06-27_17-00-00_to_18-00-00.mp4,260088766,yes
109_thermal,109_thermal_2026-06-27_18-00-00_to_19-00-00.mp4,259869303,yes
109_thermal,109_thermal_2026-06-27_19-00-00_to_20-00-00.mp4,257223839,yes
109_thermal,109_thermal_2026-06-27_20-00-00_to_21-00-00.mp4,255900838,yes
109_thermal,109_thermal_2026-06-27_21-00-00_to_22-00-00.mp4,254681334,yes
109_thermal,109_thermal_2026-06-27_22-00-00_to_23-00-00.mp4,256076656,yes
109_thermal,109_thermal_2026-06-27_23-00-00_to_00-00-00.mp4,256647894,yes
109_thermal,109_thermal_2026-06-28_00-00-00_to_01-00-00.mp4,257184554,yes
109_thermal,109_thermal_2026-06-28_01-00-00.mp4,65753119,NO
109_thermal,109_thermal_2026-06-28_01-16-22.mp4,2273515,NO
109_thermal,109_thermal_2026-06-28_01-18-27_to_02-00-00.mp4,178061872,yes
109_thermal,109_thermal_2026-06-28_02-00-00_to_03-00-00.mp4,257726808,yes
109_thermal,109_thermal_2026-06-28_03-00-00_to_04-00-00.mp4,256702272,yes
109_thermal,109_thermal_2026-06-28_04-00-00_to_05-00-00.mp4,259297950,yes
109_thermal,109_thermal_2026-06-28_05-00-00_to_06-00-00.mp4,259524782,yes
109_thermal,109_thermal_2026-06-28_06-00-00_to_07-00-00.mp4,255177242,yes
109_thermal,109_thermal_2026-06-28_07-00-00_to_08-00-00.mp4,254145133,yes
109_thermal,109_thermal_2026-06-28_08-00-00_to_09-00-01.mp4,260323047,yes
109_thermal,109_thermal_2026-06-28_09-00-01_to_10-00-01.mp4,260988923,yes
109_thermal,109_thermal_2026-06-28_10-00-01_to_11-00-01.mp4,263159279,yes
109_thermal,109_thermal_2026-06-28_11-00-01_to_12-00-01.mp4,264034240,yes
109_thermal,109_thermal_2026-06-28_12-00-01_to_13-00-01.mp4,260537083,yes
109_thermal,109_thermal_2026-06-28_13-00-01_to_14-00-01.mp4,260938217,yes
109_thermal,109_thermal_2026-06-28_14-00-01_to_15-00-01.mp4,261790993,yes
109_thermal,109_thermal_2026-06-28_15-00-01_to_16-00-01.mp4,261620345,yes
109_thermal,109_thermal_2026-06-28_16-00-01_to_17-00-01.mp4,262561323,yes
109_thermal,109_thermal_2026-06-28_17-00-01_to_18-00-01.mp4,258199574,yes
109_thermal,109_thermal_2026-06-28_18-00-01_to_19-00-01.mp4,261091334,yes
109_thermal,109_thermal_2026-06-28_19-00-01_to_20-00-01.mp4,258574449,yes
109_thermal,109_thermal_2026-06-28_20-00-01_to_21-00-01.mp4,260742389,yes
109_thermal,109_thermal_2026-06-28_21-00-01_to_22-00-00.mp4,255833887,yes
109_thermal,109_thermal_2026-06-28_22-00-00_to_23-00-00.mp4,256604568,yes
109_thermal,109_thermal_2026-06-28_23-00-00_to_00-00-00.mp4,259420471,yes
109_thermal,109_thermal_2026-06-29_00-00-00_to_01-00-00.mp4,259433061,yes
109_thermal,109_thermal_2026-06-29_01-00-00_to_02-00-00.mp4,260579671,yes
109_thermal,109_thermal_2026-06-29_02-00-00_to_03-00-00.mp4,262599982,yes
109_thermal,109_thermal_2026-06-29_03-00-00_to_04-00-00.mp4,259424075,yes
109_thermal,109_thermal_2026-06-29_04-00-00_to_05-00-00.mp4,261924846,yes
109_thermal,109_thermal_2026-06-29_05-00-00_to_06-00-00.mp4,259597984,yes
109_thermal,109_thermal_2026-06-29_06-00-00_to_07-00-00.mp4,253670598,yes
109_thermal,109_thermal_2026-06-29_07-00-00_to_08-00-00.mp4,256442806,yes
109_thermal,109_thermal_2026-06-29_08-00-00_to_09-00-00.mp4,261374573,yes
109_thermal,109_thermal_2026-06-29_09-00-00_to_10-00-00.mp4,264587408,yes
109_thermal,109_thermal_2026-06-29_10-00-00_to_11-00-02.mp4,265782733,yes
109_thermal,109_thermal_2026-06-29_11-00-02_to_12-00-01.mp4,265794073,yes
109_thermal,109_thermal_2026-06-29_12-00-01_to_13-00-01.mp4,271842679,yes
109_thermal,109_thermal_2026-06-29_13-00-01_to_14-00-01.mp4,261217839,yes
109_thermal,109_thermal_2026-06-29_14-00-01_to_15-00-01.mp4,264601227,yes
109_thermal,109_thermal_2026-06-29_15-00-01_to_16-00-01.mp4,265593774,yes
109_thermal,109_thermal_2026-06-29_16-00-01_to_17-00-01.mp4,261120049,yes
109_thermal,109_thermal_2026-06-29_17-00-01_to_17-46-31.mp4,201850908,yes
109_thermal,109_thermal_2026-06-29_17-46-31_to_18-00-01.mp4,57759844,yes
109_thermal,109_thermal_2026-06-29_18-00-01_to_19-00-01.mp4,260391090,yes
109_thermal,109_thermal_2026-06-29_19-00-01_to_20-00-01.mp4,255491858,yes
109_thermal,109_thermal_2026-06-29_20-00-01_to_21-00-01.mp4,256714526,yes
109_thermal,109_thermal_2026-06-29_21-00-01_to_22-00-01.mp4,252724048,yes
109_thermal,109_thermal_2026-06-29_22-00-01_to_23-00-01.mp4,255072869,yes
109_thermal,109_thermal_2026-06-29_23-00-01_to_00-00-01.mp4,260489418,yes
109_thermal,109_thermal_2026-06-30_00-00-01_to_01-00-01.mp4,261532926,yes
109_thermal,109_thermal_2026-06-30_01-00-01_to_02-00-01.mp4,261195028,yes
109_thermal,109_thermal_2026-06-30_02-00-01_to_03-00-00.mp4,259560932,yes
109_thermal,109_thermal_2026-06-30_03-00-00_to_03-04-20.mp4,28,yes
109_thermal,109_thermal_2026-06-30_03-04-20_to_04-00-01.mp4,265260853,yes
109_thermal,109_thermal_2026-06-30_04-00-01_to_05-00-01.mp4,281262830,yes
109_thermal,109_thermal_2026-06-30_05-00-01_to_06-00-01.mp4,281650334,yes
109_thermal,109_thermal_2026-06-30_06-00-01_to_07-00-01.mp4,284912446,yes
109_thermal,109_thermal_2026-06-30_07-00-01_to_08-00-01.mp4,260380027,yes
109_thermal,109_thermal_2026-06-30_08-00-01_to_09-00-01.mp4,263547070,yes
109_thermal,109_thermal_2026-06-30_09-00-01_to_10-00-01.mp4,260849327,yes
109_thermal,109_thermal_2026-06-30_10-00-01_to_11-00-01.mp4,258307396,yes
109_thermal,109_thermal_2026-06-30_11-00-01_to_12-00-01.mp4,258735178,yes
109_thermal,109_thermal_2026-06-30_12-00-01_to_13-00-01.mp4,258762753,yes
109_thermal,109_thermal_2026-06-30_13-00-01_to_14-00-01.mp4,258676842,yes
109_thermal,109_thermal_2026-06-30_14-00-01_to_15-00-01.mp4,258939152,yes
109_thermal,109_thermal_2026-06-30_15-00-01_to_16-00-01.mp4,259700016,yes
109_thermal,109_thermal_2026-06-30_16-00-01_to_17-00-01.mp4,257029988,yes
109_thermal,109_thermal_2026-06-30_17-00-01_to_18-00-00.mp4,270387086,yes
109_thermal,109_thermal_2026-06-30_18-00-00_to_19-00-00.mp4,260754487,yes
109_thermal,109_thermal_2026-06-30_19-00-00_to_20-00-00.mp4,264801642,yes
109_thermal,109_thermal_2026-06-30_20-00-00_to_21-00-00.mp4,287825197,yes
109_thermal,109_thermal_2026-06-30_21-00-00_to_22-00-00.mp4,283675562,yes
109_thermal,109_thermal_2026-06-30_22-00-00_to_23-00-00.mp4,285588148,yes
109_thermal,109_thermal_2026-06-30_23-00-00_to_00-00-00.mp4,277519826,yes
109_thermal,109_thermal_2026-07-01_00-00-00_to_01-00-00.mp4,287359282,yes
109_thermal,109_thermal_2026-07-01_01-00-00_to_02-00-00.mp4,287121250,yes
109_thermal,109_thermal_2026-07-01_02-00-00_to_03-00-00.mp4,289393652,yes
109_thermal,109_thermal_2026-07-01_03-00-00_to_04-00-00.mp4,289150970,yes
109_thermal,109_thermal_2026-07-01_04-00-00_to_05-00-00.mp4,287830399,yes
109_thermal,109_thermal_2026-07-01_05-00-00_to_06-00-00.mp4,286389654,yes
109_thermal,109_thermal_2026-07-01_06-00-00_to_07-00-00.mp4,284922157,yes
109_thermal,109_thermal_2026-07-01_07-00-00_to_08-00-00.mp4,261987336,yes
109_thermal,109_thermal_2026-07-01_08-00-00_to_09-00-01.mp4,259538871,yes
109_thermal,109_thermal_2026-07-01_09-00-01_to_10-00-01.mp4,260044062,yes
109_thermal,109_thermal_2026-07-01_10-00-01_to_11-00-01.mp4,256623807,yes
109_thermal,109_thermal_2026-07-01_11-00-01_to_12-00-01.mp4,259750805,yes
109_thermal,109_thermal_2026-07-01_12-00-01_to_13-00-01.mp4,259239110,yes
109_thermal,109_thermal_2026-07-01_13-00-01_to_14-00-01.mp4,261438081,yes
109_thermal,109_thermal_2026-07-01_14-00-01_to_15-00-01.mp4,259327244,yes
109_thermal,109_thermal_2026-07-01_15-00-01_to_16-00-01.mp4,260354883,yes
109_thermal,109_thermal_2026-07-01_16-00-01_to_17-00-01.mp4,256715486,yes
109_thermal,109_thermal_2026-07-01_17-00-01_to_18-00-01.mp4,260663169,yes
109_thermal,109_thermal_2026-07-01_18-00-01_to_19-00-01.mp4,259832734,yes
109_thermal,109_thermal_2026-07-01_19-00-01_to_20-00-01.mp4,275941689,yes
109_thermal,109_thermal_2026-07-01_20-00-01_to_21-00-00.mp4,275041080,yes
109_thermal,109_thermal_2026-07-01_21-00-00_to_22-00-00.mp4,284808029,yes
109_thermal,109_thermal_2026-07-01_22-00-00_to_23-00-00.mp4,279938620,yes
109_thermal,109_thermal_2026-07-01_23-00-00_to_00-00-00.mp4,278227876,yes
109_thermal,109_thermal_2026-07-02_00-00-00_to_01-00-00.mp4,272004586,yes
109_thermal,109_thermal_2026-07-02_01-00-00_to_02-00-00.mp4,274451776,yes
109_thermal,109_thermal_2026-07-02_02-00-00_to_03-00-00.mp4,272920252,yes
109_thermal,109_thermal_2026-07-02_03-00-00_to_04-00-00.mp4,275160497,yes
109_thermal,109_thermal_2026-07-02_04-00-00_to_05-00-00.mp4,277976518,yes
109_thermal,109_thermal_2026-07-02_05-00-00_to_06-00-00.mp4,273286992,yes
109_thermal,109_thermal_2026-07-02_06-00-00_to_07-00-00.mp4,289490696,yes
109_thermal,109_thermal_2026-07-02_07-00-00_to_08-00-00.mp4,260290634,yes
109_thermal,109_thermal_2026-07-02_08-00-00_to_09-00-00.mp4,253794802,yes
109_thermal,109_thermal_2026-07-02_09-00-00_to_10-00-00.mp4,259071924,yes
109_thermal,109_thermal_2026-07-02_10-00-00_to_11-00-00.mp4,257884375,yes
109_thermal,109_thermal_2026-07-02_11-00-00_to_12-00-01.mp4,257489662,yes
109_thermal,109_thermal_2026-07-02_12-00-01_to_13-00-00.mp4,259550628,yes
109_thermal,109_thermal_2026-07-02_13-00-00_to_14-00-00.mp4,258929385,yes
109_thermal,109_thermal_2026-07-02_14-00-00_to_15-00-00.mp4,256492764,yes
109_thermal,109_thermal_2026-07-02_15-00-00_to_16-00-00.mp4,258246980,yes
109_thermal,109_thermal_2026-07-02_16-00-00_to_17-00-00.mp4,257178395,yes
109_thermal,109_thermal_2026-07-02_17-00-00_to_18-00-00.mp4,257766582,yes
109_thermal,109_thermal_2026-07-02_18-00-00_to_19-00-01.mp4,264959558,yes
109_thermal,109_thermal_2026-07-02_19-00-01_to_20-00-01.mp4,269013325,yes
109_thermal,109_thermal_2026-07-02_20-00-01_to_21-00-01.mp4,266591807,yes
109_thermal,109_thermal_2026-07-02_21-00-01_to_22-00-01.mp4,271482479,yes
109_thermal,109_thermal_2026-07-02_22-00-01_to_23-00-01.mp4,274429815,yes
109_thermal,109_thermal_2026-07-02_23-00-01_to_00-00-01.mp4,274353309,yes
109_thermal,109_thermal_2026-07-03_00-00-01_to_01-00-01.mp4,274656099,yes
109_thermal,109_thermal_2026-07-03_01-00-01_to_02-00-01.mp4,279566219,yes
109_thermal,109_thermal_2026-07-03_02-00-01_to_03-00-01.mp4,282051520,yes
109_thermal,109_thermal_2026-07-03_03-00-01_to_04-00-01.mp4,292026888,yes
109_thermal,109_thermal_2026-07-03_04-00-01_to_05-00-01.mp4,275540598,yes
109_thermal,109_thermal_2026-07-03_05-00-01_to_06-00-01.mp4,278256181,yes
109_thermal,109_thermal_2026-07-03_06-00-01_to_07-00-01.mp4,277843340,yes
109_thermal,109_thermal_2026-07-03_07-00-01_to_08-00-01.mp4,254787140,yes
109_thermal,109_thermal_2026-07-03_08-00-01_to_09-00-01.mp4,254929525,yes
109_thermal,109_thermal_2026-07-03_09-00-01_to_10-00-01.mp4,258478248,yes
109_thermal,109_thermal_2026-07-03_10-00-01_to_11-00-00.mp4,257669166,yes
109_thermal,109_thermal_2026-07-03_11-00-00_to_12-00-00.mp4,258981317,yes
109_thermal,109_thermal_2026-07-03_12-00-00_to_13-00-00.mp4,261071662,yes
109_thermal,109_thermal_2026-07-03_13-00-00_to_14-00-00.mp4,257936565,yes
109_thermal,109_thermal_2026-07-03_14-00-00_to_15-00-00.mp4,258037370,yes
109_thermal,109_thermal_2026-07-03_15-00-00_to_16-00-00.mp4,266417484,yes
109_thermal,109_thermal_2026-07-03_16-00-00_to_17-00-00.mp4,272499857,yes
109_thermal,109_thermal_2026-07-03_17-00-00_to_18-00-01.mp4,261996286,yes
109_thermal,109_thermal_2026-07-03_18-00-01_to_19-00-00.mp4,263212967,yes
109_thermal,109_thermal_2026-07-03_19-00-00_to_20-00-00.mp4,269386548,yes
109_thermal,109_thermal_2026-07-03_20-00-00_to_21-00-00.mp4,276860730,yes
109_thermal,109_thermal_2026-07-03_21-00-00_to_22-00-00.mp4,273244645,yes
109_thermal,109_thermal_2026-07-03_22-00-00_to_23-00-00.mp4,277641784,yes
109_thermal,109_thermal_2026-07-03_23-00-00_to_00-00-00.mp4,273339594,yes
109_thermal,109_thermal_2026-07-04_00-00-00_to_01-00-00.mp4,277315338,yes
109_thermal,109_thermal_2026-07-04_01-00-00_to_02-00-00.mp4,271771713,yes
109_thermal,109_thermal_2026-07-04_02-00-00_to_03-00-00.mp4,276026921,yes
109_thermal,109_thermal_2026-07-04_03-00-00_to_04-00-00.mp4,278542293,yes
109_thermal,109_thermal_2026-07-04_04-00-00_to_05-00-00.mp4,284361885,yes
109_thermal,109_thermal_2026-07-04_05-00-00_to_06-00-00.mp4,275965578,yes
109_thermal,109_thermal_2026-07-04_06-00-00_to_07-00-00.mp4,287682408,yes
109_thermal,109_thermal_2026-07-04_07-00-00_to_08-00-00.mp4,279470521,yes
109_thermal,109_thermal_2026-07-04_08-00-00_to_09-00-00.mp4,269921098,yes
109_thermal,109_thermal_2026-07-04_09-00-00_to_10-00-01.mp4,265566469,yes
109_thermal,109_thermal_2026-07-04_10-00-01_to_11-00-01.mp4,256843674,yes
109_thermal,109_thermal_2026-07-04_11-00-01_to_12-00-01.mp4,266059664,yes
109_thermal,109_thermal_2026-07-04_12-00-01_to_13-00-01.mp4,260817066,yes
109_thermal,109_thermal_2026-07-04_13-00-01_to_14-00-01.mp4,259053741,yes
109_thermal,109_thermal_2026-07-04_14-00-01_to_15-00-01.mp4,259647540,yes
109_thermal,109_thermal_2026-07-04_15-00-01_to_16-00-01.mp4,258018956,yes
109_thermal,109_thermal_2026-07-04_16-00-01_to_17-00-01.mp4,256251789,yes
109_thermal,109_thermal_2026-07-04_17-00-01_to_18-00-01.mp4,263218328,yes
109_thermal,109_thermal_2026-07-04_18-00-01_to_19-00-01.mp4,267462768,yes
109_thermal,109_thermal_2026-07-04_19-00-01_to_20-00-01.mp4,263591187,yes
109_thermal,109_thermal_2026-07-04_20-00-01_to_21-00-01.mp4,262972732,yes
109_thermal,109_thermal_2026-07-04_21-00-01_to_22-00-00.mp4,273760188,yes
109_thermal,109_thermal_2026-07-04_22-00-00_to_23-00-00.mp4,268227966,yes
109_thermal,109_thermal_2026-07-04_23-00-00_to_00-00-00.mp4,277741460,yes
109_thermal,109_thermal_2026-07-05_00-00-00_to_01-00-00.mp4,279492026,yes
109_thermal,109_thermal_2026-07-05_01-00-00_to_02-00-00.mp4,276562655,yes
109_thermal,109_thermal_2026-07-05_02-00-00_to_03-00-00.mp4,279857542,yes
109_thermal,109_thermal_2026-07-05_03-00-00_to_04-00-00.mp4,275299832,yes
109_thermal,109_thermal_2026-07-05_04-00-00_to_05-00-00.mp4,273494092,yes
109_thermal,109_thermal_2026-07-05_05-00-00_to_06-00-00.mp4,279679809,yes
109_thermal,109_thermal_2026-07-05_06-00-00_to_07-00-00.mp4,278693121,yes
109_thermal,109_thermal_2026-07-05_07-00-00_to_08-00-00.mp4,274364507,yes
109_thermal,109_thermal_2026-07-05_08-00-00_to_09-00-00.mp4,274257646,yes
109_thermal,109_thermal_2026-07-05_09-00-00_to_10-00-00.mp4,268561935,yes
109_thermal,109_thermal_2026-07-05_10-00-00_to_11-00-00.mp4,263098899,yes
109_thermal,109_thermal_2026-07-05_11-00-00_to_12-00-00.mp4,261944549,yes
109_thermal,109_thermal_2026-07-05_12-00-00_to_13-00-01.mp4,262201508,yes
109_thermal,109_thermal_2026-07-05_13-00-01_to_14-00-01.mp4,256418581,yes
109_thermal,109_thermal_2026-07-05_14-00-01_to_15-00-01.mp4,254887729,yes
109_thermal,109_thermal_2026-07-05_15-00-01_to_16-00-01.mp4,258522250,yes
109_thermal,109_thermal_2026-07-05_16-00-01_to_17-00-01.mp4,264434889,yes
109_thermal,109_thermal_2026-07-05_17-00-01_to_18-00-01.mp4,267827711,yes
109_thermal,109_thermal_2026-07-05_18-00-01_to_19-00-01.mp4,276931983,yes
109_thermal,109_thermal_2026-07-05_19-00-01_to_20-00-01.mp4,278709887,yes
109_thermal,109_thermal_2026-07-05_20-00-01_to_21-00-01.mp4,282675795,yes
109_thermal,109_thermal_2026-07-05_21-00-01_to_22-00-01.mp4,285245125,yes
109_thermal,109_thermal_2026-07-05_22-00-01_to_23-00-01.mp4,282472696,yes
109_thermal,109_thermal_2026-07-05_23-00-01_to_00-00-01.mp4,288987265,yes
109_thermal,109_thermal_2026-07-06_00-00-01_to_01-00-01.mp4,290822385,yes
109_thermal,109_thermal_2026-07-06_01-00-01_to_02-00-01.mp4,292393270,yes
109_thermal,109_thermal_2026-07-06_02-00-01_to_03-00-01.mp4,288622787,yes
109_thermal,109_thermal_2026-07-06_03-00-01_to_04-00-00.mp4,285987445,yes
109_thermal,109_thermal_2026-07-06_04-00-00_to_05-00-00.mp4,285640758,yes
109_thermal,109_thermal_2026-07-06_05-00-00_to_06-00-00.mp4,288207857,yes
109_thermal,109_thermal_2026-07-06_06-00-00_to_07-00-00.mp4,285558872,yes
109_thermal,109_thermal_2026-07-06_07-00-00_to_08-00-00.mp4,284630879,yes
109_thermal,109_thermal_2026-07-06_08-00-00_to_09-00-00.mp4,276194961,yes
109_thermal,109_thermal_2026-07-06_09-00-00_to_10-00-00.mp4,274454017,yes
109_thermal,109_thermal_2026-07-06_10-00-00_to_11-00-00.mp4,273019625,yes
109_thermal,109_thermal_2026-07-06_11-00-00_to_12-00-00.mp4,269922709,yes
109_thermal,109_thermal_2026-07-06_12-00-00_to_13-00-00.mp4,266774912,yes
109_thermal,109_thermal_2026-07-06_13-00-00_to_14-00-00.mp4,265981403,yes
109_thermal,109_thermal_2026-07-06_14-00-00_to_15-00-00.mp4,273595126,yes
109_thermal,109_thermal_2026-07-06_15-00-00_to_16-00-00.mp4,273569828,yes
109_thermal,109_thermal_2026-07-06_16-00-00_to_17-00-00.mp4,275467433,yes
109_thermal,109_thermal_2026-07-06_17-00-00_to_18-00-00.mp4,276753941,yes
109_thermal,109_thermal_2026-07-06_18-00-00_to_19-00-00.mp4,278295208,yes
109_thermal,109_thermal_2026-07-06_19-00-00_to_20-00-01.mp4,278822538,yes
109_thermal,109_thermal_2026-07-06_20-00-01_to_21-00-01.mp4,283101101,yes
109_thermal,109_thermal_2026-07-06_21-00-01_to_22-00-01.mp4,279389850,yes
109_thermal,109_thermal_2026-07-06_22-00-01_to_23-00-01.mp4,281063612,yes
109_thermal,109_thermal_2026-07-06_23-00-01_to_00-00-01.mp4,280928710,yes
109_thermal,109_thermal_2026-07-07_00-00-01_to_01-00-01.mp4,281921536,yes
109_thermal,109_thermal_2026-07-07_01-00-01_to_02-00-01.mp4,286348960,yes
109_thermal,109_thermal_2026-07-07_02-00-01_to_03-00-01.mp4,285029659,yes
109_thermal,109_thermal_2026-07-07_03-00-01_to_03-04-24.mp4,262172,yes
109_thermal,109_thermal_2026-07-07_03-04-24_to_04-00-00.mp4,265965151,yes
109_thermal,109_thermal_2026-07-07_04-00-00_to_05-00-00.mp4,287344117,yes
109_thermal,109_thermal_2026-07-07_05-00-00_to_06-00-00.mp4,285933004,yes
109_thermal,109_thermal_2026-07-07_06-00-00_to_07-00-00.mp4,281936474,yes
109_thermal,109_thermal_2026-07-07_07-00-00_to_08-00-00.mp4,277815912,yes
109_thermal,109_thermal_2026-07-07_08-00-00_to_09-00-00.mp4,278275177,yes
109_thermal,109_thermal_2026-07-07_09-00-00_to_10-00-00.mp4,274112871,yes
109_thermal,109_thermal_2026-07-07_10-00-00_to_11-00-00.mp4,272826075,yes
109_thermal,109_thermal_2026-07-07_11-00-00_to_12-00-00.mp4,271123539,yes
109_thermal,109_thermal_2026-07-07_12-00-00_to_13-00-00.mp4,262313157,yes
109_thermal,109_thermal_2026-07-07_13-00-00_to_14-00-00.mp4,260986684,yes
109_thermal,109_thermal_2026-07-07_14-00-00_to_15-00-00.mp4,265245539,yes
109_thermal,109_thermal_2026-07-07_15-00-00_to_16-00-00.mp4,266956326,yes
109_thermal,109_thermal_2026-07-07_16-00-00_to_17-00-01.mp4,269366869,yes
109_thermal,109_thermal_2026-07-07_17-00-01_to_18-00-01.mp4,261301973,yes
109_thermal,109_thermal_2026-07-07_18-00-01_to_19-00-01.mp4,259620584,yes
109_thermal,109_thermal_2026-07-07_19-00-01_to_20-00-01.mp4,260755305,yes
109_thermal,109_thermal_2026-07-07_20-00-01_to_21-00-01.mp4,260554944,yes
109_thermal,109_thermal_2026-07-07_21-00-01_to_22-00-01.mp4,266495086,yes
109_thermal,109_thermal_2026-07-07_22-00-01_to_23-00-01.mp4,267323965,yes
109_thermal,109_thermal_2026-07-07_23-00-01_to_00-00-01.mp4,265939957,yes
109_thermal,109_thermal_2026-07-08_00-00-01_to_01-00-01.mp4,270568947,yes
109_thermal,109_thermal_2026-07-08_01-00-01_to_02-00-01.mp4,270868694,yes
109_thermal,109_thermal_2026-07-08_02-00-01_to_03-00-01.mp4,277477958,yes
109_thermal,109_thermal_2026-07-08_03-00-01_to_04-00-01.mp4,279683928,yes
109_thermal,109_thermal_2026-07-08_04-00-01_to_05-00-01.mp4,272803783,yes
109_thermal,109_thermal_2026-07-08_05-00-01_to_06-00-01.mp4,284855952,yes
109_thermal,109_thermal_2026-07-08_06-00-01_to_07-00-00.mp4,287415044,yes
109_thermal,109_thermal_2026-07-08_07-00-00_to_08-00-00.mp4,269613563,yes
109_thermal,109_thermal_2026-07-08_08-00-00_to_09-00-00.mp4,260248130,yes
109_thermal,109_thermal_2026-07-08_09-00-00_to_10-00-00.mp4,262875768,yes
109_thermal,109_thermal_2026-07-08_10-00-00_to_11-00-00.mp4,260282802,yes
109_thermal,109_thermal_2026-07-08_11-00-00_to_12-00-00.mp4,260645132,yes
109_thermal,109_thermal_2026-07-08_12-00-00_to_13-00-00.mp4,259581183,yes
109_thermal,109_thermal_2026-07-08_13-00-00_to_14-00-01.mp4,257009745,yes
109_thermal,109_thermal_2026-07-08_14-00-01_to_15-00-01.mp4,255895615,yes
109_thermal,109_thermal_2026-07-08_15-00-01_to_16-00-01.mp4,257655945,yes
109_thermal,109_thermal_2026-07-08_16-00-01_to_17-00-01.mp4,261248938,yes
109_thermal,109_thermal_2026-07-08_17-00-01_to_18-00-01.mp4,266946621,yes
109_thermal,109_thermal_2026-07-08_18-00-01_to_19-00-00.mp4,267296905,yes
109_thermal,109_thermal_2026-07-08_19-00-00_to_20-00-00.mp4,268915608,yes
109_thermal,109_thermal_2026-07-08_20-00-00_to_21-00-00.mp4,280753122,yes
109_thermal,109_thermal_2026-07-08_21-00-00_to_22-00-00.mp4,288685453,yes
109_thermal,109_thermal_2026-07-08_22-00-00_to_23-00-00.mp4,289457006,yes
109_thermal,109_thermal_2026-07-08_23-00-00_to_00-00-00.mp4,292272256,yes
109_thermal,109_thermal_2026-07-09_00-00-00_to_01-00-00.mp4,290332298,yes
109_thermal,109_thermal_2026-07-09_01-00-00_to_02-00-00.mp4,285295566,yes
109_thermal,109_thermal_2026-07-09_02-00-00_to_03-00-00.mp4,287837549,yes
109_thermal,109_thermal_2026-07-09_03-00-00_to_04-00-00.mp4,290910754,yes
109_thermal,109_thermal_2026-07-09_04-00-00_to_05-00-00.mp4,292453098,yes
109_thermal,109_thermal_2026-07-09_05-00-00_to_06-00-00.mp4,290120235,yes
109_thermal,109_thermal_2026-07-09_06-00-00_to_07-00-00.mp4,291410674,yes
109_thermal,109_thermal_2026-07-09_07-00-00_to_08-00-00.mp4,272131998,yes
109_thermal,109_thermal_2026-07-09_08-00-00_to_09-00-00.mp4,263217466,yes
109_thermal,109_thermal_2026-07-09_09-00-00_to_10-00-01.mp4,267304643,yes
109_thermal,109_thermal_2026-07-09_10-00-01_to_11-00-01.mp4,263227740,yes
109_thermal,109_thermal_2026-07-09_11-00-01_to_12-00-01.mp4,260101397,yes
109_thermal,109_thermal_2026-07-09_12-00-01_to_13-00-01.mp4,258044283,yes
109_thermal,109_thermal_2026-07-09_13-00-01_to_14-00-01.mp4,257043250,yes
109_thermal,109_thermal_2026-07-09_14-00-01_to_15-00-01.mp4,257781233,yes
109_thermal,109_thermal_2026-07-09_15-00-01_to_16-00-00.mp4,263180539,yes
109_thermal,109_thermal_2026-07-09_16-00-00_to_17-00-00.mp4,261552533,yes
109_thermal,109_thermal_2026-07-09_17-00-00_to_18-00-00.mp4,264299303,yes
109_thermal,109_thermal_2026-07-09_18-00-00_to_19-00-00.mp4,281838110,yes
109_thermal,109_thermal_2026-07-09_19-00-00_to_20-00-00.mp4,286444733,yes
109_thermal,109_thermal_2026-07-09_20-00-00_to_21-00-00.mp4,282709946,yes
109_thermal,109_thermal_2026-07-09_21-00-00_to_22-00-00.mp4,282946449,yes
109_thermal,109_thermal_2026-07-09_22-00-00_to_23-00-00.mp4,274689518,yes
109_thermal,109_thermal_2026-07-09_23-00-00_to_00-00-00.mp4,285161555,yes
109_thermal,109_thermal_2026-07-10_00-00-00_to_01-00-00.mp4,289556177,yes
109_thermal,109_thermal_2026-07-10_01-00-00_to_02-00-00.mp4,292928770,yes
109_thermal,109_thermal_2026-07-10_02-00-00_to_03-00-00.mp4,288520803,yes
109_thermal,109_thermal_2026-07-10_03-00-00_to_04-00-00.mp4,281845336,yes
109_thermal,109_thermal_2026-07-10_04-00-00_to_05-00-00.mp4,277837756,yes
109_thermal,109_thermal_2026-07-10_05-00-00_to_06-00-00.mp4,283177359,yes
109_thermal,109_thermal_2026-07-10_06-00-00_to_07-00-01.mp4,291560232,yes
109_thermal,109_thermal_2026-07-10_07-00-01_to_08-00-01.mp4,286731531,yes
109_thermal,109_thermal_2026-07-10_08-00-01_to_09-00-01.mp4,280680648,yes
109_thermal,109_thermal_2026-07-10_09-00-01_to_10-00-01.mp4,279495842,yes
109_thermal,109_thermal_2026-07-10_10-00-01_to_11-00-01.mp4,278872042,yes
109_thermal,109_thermal_2026-07-10_11-00-01_to_12-00-01.mp4,274391432,yes
109_thermal,109_thermal_2026-07-10_12-00-01_to_13-00-01.mp4,263887657,yes
109_thermal,109_thermal_2026-07-10_13-00-01_to_14-00-01.mp4,261016357,yes
109_thermal,109_thermal_2026-07-10_14-00-01_to_15-00-01.mp4,261007069,yes
109_thermal,109_thermal_2026-07-10_15-00-01_to_16-00-01.mp4,262319335,yes
109_thermal,109_thermal_2026-07-10_16-00-01_to_17-00-01.mp4,264785378,yes
109_thermal,109_thermal_2026-07-10_17-00-01_to_18-00-01.mp4,270782339,yes
109_thermal,109_thermal_2026-07-10_18-00-01_to_19-00-01.mp4,273781622,yes
109_thermal,109_thermal_2026-07-10_19-00-01_to_20-00-01.mp4,272942020,yes
109_thermal,109_thermal_2026-07-10_20-00-01_to_21-00-01.mp4,284308051,yes
109_thermal,109_thermal_2026-07-10_21-00-01_to_22-00-01.mp4,277112844,yes
109_thermal,109_thermal_2026-07-10_22-00-01_to_23-00-00.mp4,278054512,yes
109_thermal,109_thermal_2026-07-10_23-00-00_to_00-00-00.mp4,283115211,yes
109_thermal,109_thermal_2026-07-11_00-00-00_to_01-00-00.mp4,285431333,yes
109_thermal,109_thermal_2026-07-11_01-00-00_to_02-00-00.mp4,287521385,yes
109_thermal,109_thermal_2026-07-11_02-00-00_to_03-00-00.mp4,289669484,yes
109_thermal,109_thermal_2026-07-11_03-00-00_to_04-00-00.mp4,279005972,yes
109_thermal,109_thermal_2026-07-11_04-00-00_to_05-00-00.mp4,289426056,yes
109_thermal,109_thermal_2026-07-11_05-00-00_to_06-00-00.mp4,289438957,yes
109_thermal,109_thermal_2026-07-11_06-00-00_to_07-00-00.mp4,292228653,yes
109_thermal,109_thermal_2026-07-11_07-00-00_to_08-00-00.mp4,274532630,yes
109_thermal,109_thermal_2026-07-11_08-00-00_to_09-00-00.mp4,264604113,yes
109_thermal,109_thermal_2026-07-11_09-00-00_to_10-00-00.mp4,260784611,yes
109_thermal,109_thermal_2026-07-11_10-00-00_to_11-00-00.mp4,262892419,yes
109_thermal,109_thermal_2026-07-11_11-00-00_to_12-00-00.mp4,260276408,yes
109_thermal,109_thermal_2026-07-11_12-00-00_to_13-00-00.mp4,262588834,yes
109_thermal,109_thermal_2026-07-11_13-00-00_to_14-00-02.mp4,261332561,yes
109_thermal,109_thermal_2026-07-11_14-00-02_to_15-00-01.mp4,270342270,yes
109_thermal,109_thermal_2026-07-11_15-00-01_to_16-00-01.mp4,263097495,yes
109_thermal,109_thermal_2026-07-11_16-00-01_to_17-00-01.mp4,258972698,yes
109_thermal,109_thermal_2026-07-11_17-00-01_to_18-00-01.mp4,270862092,yes
109_thermal,109_thermal_2026-07-11_18-00-01_to_19-00-00.mp4,268117300,yes
109_thermal,109_thermal_2026-07-11_19-00-00_to_20-00-00.mp4,273022267,yes
109_thermal,109_thermal_2026-07-11_20-00-00_to_21-00-01.mp4,271323180,yes
109_thermal,109_thermal_2026-07-11_21-00-01_to_22-00-01.mp4,277783554,yes
109_thermal,109_thermal_2026-07-11_22-00-01_to_23-00-01.mp4,282369210,yes
109_thermal,109_thermal_2026-07-11_23-00-01_to_00-00-01.mp4,286393015,yes
109_thermal,109_thermal_2026-07-12_00-00-01_to_01-00-01.mp4,281915735,yes
109_thermal,109_thermal_2026-07-12_01-00-01_to_02-00-01.mp4,272495878,yes
109_thermal,109_thermal_2026-07-12_02-00-01_to_03-00-01.mp4,266700778,yes
109_thermal,109_thermal_2026-07-12_03-00-01_to_04-00-01.mp4,273858518,yes
109_thermal,109_thermal_2026-07-12_04-00-01_to_05-00-01.mp4,271582483,yes
109_thermal,109_thermal_2026-07-12_05-00-01_to_06-00-01.mp4,273223156,yes
109_thermal,109_thermal_2026-07-12_06-00-01_to_07-00-01.mp4,287629581,yes
109_thermal,109_thermal_2026-07-12_07-00-01_to_08-00-01.mp4,275508287,yes
109_thermal,109_thermal_2026-07-12_08-00-01_to_09-00-01.mp4,268089806,yes
109_thermal,109_thermal_2026-07-12_09-00-01_to_10-00-01.mp4,262718305,yes
109_thermal,109_thermal_2026-07-12_10-00-01_to_11-00-00.mp4,258525039,yes
109_thermal,109_thermal_2026-07-12_11-00-00_to_12-00-00.mp4,256686779,yes
109_thermal,109_thermal_2026-07-12_12-00-00_to_13-00-00.mp4,259153504,yes
109_thermal,109_thermal_2026-07-12_13-00-00_to_14-00-00.mp4,255389070,yes
109_thermal,109_thermal_2026-07-12_14-00-00_to_15-00-00.mp4,255823279,yes
109_thermal,109_thermal_2026-07-12_15-00-00.mp4,177995804,NO
109_visual,109_visual_2026-06-25_13-00-01.mp4,61866012,NO
109_visual,109_visual_2026-06-25_13-01-08.mp4,511180828,NO
109_visual,109_visual_2026-06-25_13-08-56.mp4,432537628,NO
109_visual,109_visual_2026-06-25_16-04-46.mp4,2883584945,NO
109_visual,109_visual_2026-06-25_16-48-49.mp4,708148941,NO
109_visual,109_visual_2026-06-25_17-00-28.mp4,241671136,NO
109_visual,109_visual_2026-06-25_17-04-54.mp4,1453326364,NO
109_visual,109_visual_2026-06-27_00-00-01_to_01-00-01.mp4,3269702934,yes
109_visual,109_visual_2026-06-27_01-00-01_to_02-00-01.mp4,3259621904,yes
109_visual,109_visual_2026-06-27_02-00-01_to_03-00-01.mp4,3267962551,yes
109_visual,109_visual_2026-06-27_03-00-01_to_04-00-01.mp4,3268519901,yes
109_visual,109_visual_2026-06-27_04-00-01_to_05-00-01.mp4,3275547943,yes
109_visual,109_visual_2026-06-27_05-00-01_to_06-00-01.mp4,3672698471,yes
109_visual,109_visual_2026-06-27_06-00-01_to_07-00-01.mp4,3937760831,yes
109_visual,109_visual_2026-06-27_07-00-01_to_08-00-00.mp4,3973604346,yes
109_visual,109_visual_2026-06-27_08-00-00_to_09-00-00.mp4,4180745018,yes
109_visual,109_visual_2026-06-27_09-00-00_to_10-00-00.mp4,4120254156,yes
109_visual,109_visual_2026-06-27_10-00-00_to_11-00-00.mp4,4007379956,yes
109_visual,109_visual_2026-06-27_11-00-00_to_12-00-00.mp4,4073013485,yes
109_visual,109_visual_2026-06-27_12-00-00_to_13-00-00.mp4,4035179949,yes
109_visual,109_visual_2026-06-27_13-00-00_to_14-00-00.mp4,4022985011,yes
109_visual,109_visual_2026-06-27_14-00-00_to_15-00-00.mp4,4029470575,yes
109_visual,109_visual_2026-06-27_15-00-00_to_16-00-00.mp4,4061589754,yes
109_visual,109_visual_2026-06-27_16-00-00_to_17-00-00.mp4,4074436846,yes
109_visual,109_visual_2026-06-27_17-00-00_to_18-00-00.mp4,3998424210,yes
109_visual,109_visual_2026-06-27_18-00-00_to_19-00-00.mp4,3937059787,yes
109_visual,109_visual_2026-06-27_19-00-00_to_20-00-00.mp4,3916012775,yes
109_visual,109_visual_2026-06-27_20-00-00_to_21-00-00.mp4,3843214872,yes
109_visual,109_visual_2026-06-27_21-00-00_to_22-00-00.mp4,3287222022,yes
109_visual,109_visual_2026-06-27_22-00-00_to_23-00-01.mp4,3254998360,yes
109_visual,109_visual_2026-06-27_23-00-01_to_00-00-01.mp4,3224984288,yes
109_visual,109_visual_2026-06-28_00-00-01_to_01-00-01.mp4,3214012303,yes
109_visual,109_visual_2026-06-28_01-00-01.mp4,824527887,NO
109_visual,109_visual_2026-06-28_01-16-18.mp4,28298270,NO
109_visual,109_visual_2026-06-28_01-18-22_to_02-00-00.mp4,2231449299,yes
109_visual,109_visual_2026-06-28_02-00-00_to_03-00-01.mp4,3212138447,yes
109_visual,109_visual_2026-06-28_03-00-01_to_04-00-01.mp4,3273145665,yes
109_visual,109_visual_2026-06-28_04-00-01_to_05-00-01.mp4,3278188854,yes
109_visual,109_visual_2026-06-28_05-00-01_to_06-00-01.mp4,3698989707,yes
109_visual,109_visual_2026-06-28_06-00-01_to_07-00-01.mp4,3932930477,yes
109_visual,109_visual_2026-06-28_07-00-01_to_08-00-01.mp4,4022209616,yes
109_visual,109_visual_2026-06-28_08-00-01_to_09-00-01.mp4,4003097351,yes
109_visual,109_visual_2026-06-28_09-00-01_to_10-00-01.mp4,3941952041,yes
109_visual,109_visual_2026-06-28_10-00-01_to_11-00-01.mp4,3951163910,yes
109_visual,109_visual_2026-06-28_11-00-01_to_12-00-01.mp4,3997396040,yes
109_visual,109_visual_2026-06-28_12-00-01_to_13-00-01.mp4,4066854725,yes
109_visual,109_visual_2026-06-28_13-00-01_to_14-00-01.mp4,3989664444,yes
109_visual,109_visual_2026-06-28_14-00-01_to_15-00-00.mp4,4052184469,yes
109_visual,109_visual_2026-06-28_15-00-00_to_16-00-00.mp4,3973413223,yes
109_visual,109_visual_2026-06-28_16-00-00_to_17-00-00.mp4,3955323978,yes
109_visual,109_visual_2026-06-28_17-00-00_to_18-00-00.mp4,3886361686,yes
109_visual,109_visual_2026-06-28_18-00-00_to_19-00-00.mp4,3901043136,yes
109_visual,109_visual_2026-06-28_19-00-00_to_20-00-00.mp4,3906536816,yes
109_visual,109_visual_2026-06-28_20-00-00_to_21-00-00.mp4,3861139959,yes
109_visual,109_visual_2026-06-28_21-00-00_to_22-00-00.mp4,3269192622,yes
109_visual,109_visual_2026-06-28_22-00-00_to_23-00-00.mp4,3276180446,yes
109_visual,109_visual_2026-06-28_23-00-00_to_00-00-00.mp4,3283218870,yes
109_visual,109_visual_2026-06-29_00-00-00_to_01-00-00.mp4,3241137715,yes
109_visual,109_visual_2026-06-29_01-00-00_to_02-00-00.mp4,3223746191,yes
109_visual,109_visual_2026-06-29_02-00-00_to_03-00-01.mp4,3235087341,yes
109_visual,109_visual_2026-06-29_03-00-01_to_04-00-01.mp4,3217684513,yes
109_visual,109_visual_2026-06-29_04-00-01_to_05-00-01.mp4,3221141522,yes
109_visual,109_visual_2026-06-29_05-00-01_to_06-00-01.mp4,3669497821,yes
109_visual,109_visual_2026-06-29_06-00-01_to_07-00-01.mp4,3932769469,yes
109_visual,109_visual_2026-06-29_07-00-01_to_08-00-01.mp4,3988203675,yes
109_visual,109_visual_2026-06-29_08-00-01_to_09-00-01.mp4,4030995859,yes
109_visual,109_visual_2026-06-29_09-00-01_to_10-00-01.mp4,4000396214,yes
109_visual,109_visual_2026-06-29_10-00-01_to_11-00-01.mp4,4069140727,yes
109_visual,109_visual_2026-06-29_11-00-01_to_12-00-01.mp4,4078877502,yes
109_visual,109_visual_2026-06-29_12-00-01_to_13-00-01.mp4,4053273661,yes
109_visual,109_visual_2026-06-29_13-00-01_to_14-00-01.mp4,4089918671,yes
109_visual,109_visual_2026-06-29_14-00-01_to_15-00-01.mp4,4212018182,yes
109_visual,109_visual_2026-06-29_15-00-01_to_16-00-01.mp4,4170353000,yes
109_visual,109_visual_2026-06-29_16-00-01_to_17-00-01.mp4,4119602770,yes
109_visual,109_visual_2026-06-29_17-00-01_to_17-46-26.mp4,3157524831,yes
109_visual,109_visual_2026-06-29_17-46-26_to_18-00-00.mp4,907288905,yes
109_visual,109_visual_2026-06-29_18-00-00_to_19-00-00.mp4,3967491811,yes
109_visual,109_visual_2026-06-29_19-00-00_to_20-00-00.mp4,3972720195,yes
109_visual,109_visual_2026-06-29_20-00-00_to_21-00-00.mp4,3870659031,yes
109_visual,109_visual_2026-06-29_21-00-00_to_22-00-00.mp4,3266932201,yes
109_visual,109_visual_2026-06-29_22-00-00_to_23-00-00.mp4,3271775384,yes
109_visual,109_visual_2026-06-29_23-00-00_to_00-00-00.mp4,3269316941,yes
109_visual,109_visual_2026-06-30_00-00-00_to_01-00-00.mp4,3281948471,yes
109_visual,109_visual_2026-06-30_01-00-00_to_02-00-00.mp4,3285354423,yes
109_visual,109_visual_2026-06-30_02-00-00_to_03-00-00.mp4,3279863143,yes
109_visual,109_visual_2026-06-30_03-00-00_to_03-04-15.mp4,1835036,yes
109_visual,109_visual_2026-06-30_03-04-15_to_04-00-01.mp4,2900432109,yes
109_visual,109_visual_2026-06-30_04-00-01_to_05-00-01.mp4,3116253895,yes
109_visual,109_visual_2026-06-30_05-00-01_to_06-00-01.mp4,3474755535,yes
109_visual,109_visual_2026-06-30_06-00-01_to_07-00-01.mp4,3689964970,yes
109_visual,109_visual_2026-06-30_07-00-01_to_08-00-01.mp4,3687996222,yes
109_visual,109_visual_2026-06-30_08-00-01_to_09-00-01.mp4,3788903020,yes
109_visual,109_visual_2026-06-30_09-00-01_to_10-00-01.mp4,3806980124,yes
109_visual,109_visual_2026-06-30_10-00-01_to_11-00-01.mp4,3798734477,yes
109_visual,109_visual_2026-06-30_11-00-01_to_12-00-01.mp4,3753130797,yes
109_visual,109_visual_2026-06-30_12-00-01_to_13-00-01.mp4,3724686786,yes
109_visual,109_visual_2026-06-30_13-00-01_to_14-00-01.mp4,3639783500,yes
109_visual,109_visual_2026-06-30_14-00-01_to_15-00-01.mp4,3782172128,yes
109_visual,109_visual_2026-06-30_15-00-01_to_16-00-01.mp4,3768661507,yes
109_visual,109_visual_2026-06-30_16-00-01_to_17-00-00.mp4,3750022573,yes
109_visual,109_visual_2026-06-30_17-00-00_to_18-00-00.mp4,3661339334,yes
109_visual,109_visual_2026-06-30_18-00-00_to_19-00-00.mp4,3723998466,yes
109_visual,109_visual_2026-06-30_19-00-00_to_20-00-00.mp4,3708045425,yes
109_visual,109_visual_2026-06-30_20-00-00_to_21-00-00.mp4,3700238923,yes
109_visual,109_visual_2026-06-30_21-00-00_to_22-00-00.mp4,3096353453,yes
109_visual,109_visual_2026-06-30_22-00-00_to_23-00-00.mp4,583545034,yes
109_visual,109_visual_2026-06-30_23-00-00_to_00-00-00.mp4,558451283,yes
109_visual,109_visual_2026-07-01_00-00-00_to_01-00-00.mp4,583623010,yes
109_visual,109_visual_2026-07-01_01-00-00_to_02-00-00.mp4,582725882,yes
109_visual,109_visual_2026-07-01_02-00-00_to_03-00-00.mp4,590703642,yes
109_visual,109_visual_2026-07-01_03-00-00_to_04-00-00.mp4,585511430,yes
109_visual,109_visual_2026-07-01_04-00-00_to_05-00-01.mp4,591271850,yes
109_visual,109_visual_2026-07-01_05-00-01_to_06-00-01.mp4,652150020,yes
109_visual,109_visual_2026-07-01_06-00-01_to_07-00-01.mp4,702420395,yes
109_visual,109_visual_2026-07-01_07-00-01_to_08-00-01.mp4,694559655,yes
109_visual,109_visual_2026-07-01_08-00-01_to_09-00-01.mp4,691120450,yes
109_visual,109_visual_2026-07-01_09-00-01_to_10-00-01.mp4,728192237,yes
109_visual,109_visual_2026-07-01_10-00-01_to_11-00-01.mp4,705427565,yes
109_visual,109_visual_2026-07-01_11-00-01_to_12-00-01.mp4,725830805,yes
109_visual,109_visual_2026-07-01_12-00-01_to_13-00-01.mp4,709248797,yes
109_visual,109_visual_2026-07-01_13-00-01_to_14-00-01.mp4,704378135,yes
109_visual,109_visual_2026-07-01_14-00-01_to_15-00-01.mp4,692474536,yes
109_visual,109_visual_2026-07-01_15-00-01_to_16-00-00.mp4,709291209,yes
109_visual,109_visual_2026-07-01_16-00-00_to_17-00-00.mp4,691795123,yes
109_visual,109_visual_2026-07-01_17-00-00_to_18-00-00.mp4,648414251,yes
109_visual,109_visual_2026-07-01_18-00-00_to_19-00-00.mp4,638156720,yes
109_visual,109_visual_2026-07-01_19-00-00_to_20-00-00.mp4,693742633,yes
109_visual,109_visual_2026-07-01_20-00-00_to_21-00-00.mp4,677487437,yes
109_visual,109_visual_2026-07-01_21-00-00_to_22-00-00.mp4,543844226,yes
109_visual,109_visual_2026-07-01_22-00-00_to_23-00-00.mp4,552340009,yes
109_visual,109_visual_2026-07-01_23-00-00_to_00-00-00.mp4,552491089,yes
109_visual,109_visual_2026-07-02_00-00-00_to_01-00-00.mp4,592319623,yes
109_visual,109_visual_2026-07-02_01-00-00_to_02-00-00.mp4,585993937,yes
109_visual,109_visual_2026-07-02_02-00-00_to_03-00-00.mp4,592611171,yes
109_visual,109_visual_2026-07-02_03-00-00_to_04-00-00.mp4,594895020,yes
109_visual,109_visual_2026-07-02_04-00-00_to_05-00-00.mp4,613068595,yes
109_visual,109_visual_2026-07-02_05-00-00_to_06-00-00.mp4,664058865,yes
109_visual,109_visual_2026-07-02_06-00-00_to_07-00-01.mp4,706454422,yes
109_visual,109_visual_2026-07-02_07-00-01_to_08-00-01.mp4,693793033,yes
109_visual,109_visual_2026-07-02_08-00-01_to_09-00-01.mp4,697410513,yes
109_visual,109_visual_2026-07-02_09-00-01_to_10-00-01.mp4,708192314,yes
109_visual,109_visual_2026-07-02_10-00-01_to_11-00-01.mp4,661414502,yes
109_visual,109_visual_2026-07-02_11-00-01_to_12-00-01.mp4,654537781,yes
109_visual,109_visual_2026-07-02_12-00-01_to_13-00-01.mp4,667373891,yes
109_visual,109_visual_2026-07-02_13-00-01_to_14-00-01.mp4,669694792,yes
109_visual,109_visual_2026-07-02_14-00-01_to_15-00-01.mp4,686569287,yes
109_visual,109_visual_2026-07-02_15-00-01_to_16-00-01.mp4,693294556,yes
109_visual,109_visual_2026-07-02_16-00-01_to_17-00-01.mp4,663767958,yes
109_visual,109_visual_2026-07-02_17-00-01_to_18-00-01.mp4,673925786,yes
109_visual,109_visual_2026-07-02_18-00-01_to_19-00-01.mp4,654304191,yes
109_visual,109_visual_2026-07-02_19-00-01_to_20-00-01.mp4,658566876,yes
109_visual,109_visual_2026-07-02_20-00-01_to_21-00-01.mp4,649449917,yes
109_visual,109_visual_2026-07-02_21-00-01_to_22-00-01.mp4,573120347,yes
109_visual,109_visual_2026-07-02_22-00-01_to_23-00-01.mp4,565744877,yes
109_visual,109_visual_2026-07-02_23-00-01_to_00-00-01.mp4,561647877,yes
109_visual,109_visual_2026-07-03_00-00-01_to_01-00-01.mp4,586707186,yes
109_visual,109_visual_2026-07-03_01-00-01_to_02-00-00.mp4,592029464,yes
109_visual,109_visual_2026-07-03_02-00-00_to_03-00-00.mp4,592663688,yes
109_visual,109_visual_2026-07-03_03-00-00_to_04-00-00.mp4,592592243,yes
109_visual,109_visual_2026-07-03_04-00-00_to_05-00-00.mp4,587325863,yes
109_visual,109_visual_2026-07-03_05-00-00_to_06-00-00.mp4,661316730,yes
109_visual,109_visual_2026-07-03_06-00-00_to_07-00-00.mp4,698536070,yes
109_visual,109_visual_2026-07-03_07-00-00_to_08-00-00.mp4,688457187,yes
109_visual,109_visual_2026-07-03_08-00-00_to_09-00-00.mp4,689936637,yes
109_visual,109_visual_2026-07-03_09-00-00_to_10-00-00.mp4,675158277,yes
109_visual,109_visual_2026-07-03_10-00-00_to_11-00-00.mp4,668361969,yes
109_visual,109_visual_2026-07-03_11-00-00_to_12-00-00.mp4,677775614,yes
109_visual,109_visual_2026-07-03_12-00-00_to_13-00-00.mp4,689858078,yes
109_visual,109_visual_2026-07-03_13-00-00_to_14-00-00.mp4,689795999,yes
109_visual,109_visual_2026-07-03_14-00-00_to_15-00-00.mp4,663199137,yes
109_visual,109_visual_2026-07-03_15-00-00_to_16-00-00.mp4,647555340,yes
109_visual,109_visual_2026-07-03_16-00-00_to_17-00-01.mp4,688298076,yes
109_visual,109_visual_2026-07-03_17-00-01_to_18-00-00.mp4,678024978,yes
109_visual,109_visual_2026-07-03_18-00-00_to_19-00-00.mp4,691601709,yes
109_visual,109_visual_2026-07-03_19-00-00_to_20-00-00.mp4,677905215,yes
109_visual,109_visual_2026-07-03_20-00-00_to_21-00-00.mp4,652802197,yes
109_visual,109_visual_2026-07-03_21-00-00_to_22-00-00.mp4,575507575,yes
109_visual,109_visual_2026-07-03_22-00-00_to_23-00-00.mp4,573469037,yes
109_visual,109_visual_2026-07-03_23-00-00_to_00-00-01.mp4,571514826,yes
109_visual,109_visual_2026-07-04_00-00-01_to_01-00-01.mp4,573488681,yes
109_visual,109_visual_2026-07-04_01-00-01_to_02-00-01.mp4,572617420,yes
109_visual,109_visual_2026-07-04_02-00-01_to_03-00-01.mp4,574808929,yes
109_visual,109_visual_2026-07-04_03-00-01_to_04-00-01.mp4,574825895,yes
109_visual,109_visual_2026-07-04_04-00-01_to_05-00-01.mp4,577856749,yes
109_visual,109_visual_2026-07-04_05-00-01_to_06-00-01.mp4,661061596,yes
109_visual,109_visual_2026-07-04_06-00-01_to_07-00-01.mp4,712609422,yes
109_visual,109_visual_2026-07-04_07-00-01_to_08-00-01.mp4,685708922,yes
109_visual,109_visual_2026-07-04_08-00-01_to_09-00-01.mp4,664476073,yes
109_visual,109_visual_2026-07-04_09-00-01_to_10-00-01.mp4,698621144,yes
109_visual,109_visual_2026-07-04_10-00-01_to_11-00-01.mp4,660055919,yes
109_visual,109_visual_2026-07-04_11-00-01_to_12-00-01.mp4,679098690,yes
109_visual,109_visual_2026-07-04_12-00-01_to_13-00-01.mp4,687707109,yes
109_visual,109_visual_2026-07-04_13-00-01_to_14-00-00.mp4,678314160,yes
109_visual,109_visual_2026-07-04_14-00-00_to_15-00-00.mp4,659608033,yes
109_visual,109_visual_2026-07-04_15-00-00_to_16-00-00.mp4,673838806,yes
109_visual,109_visual_2026-07-04_16-00-00_to_17-00-00.mp4,673149641,yes
109_visual,109_visual_2026-07-04_17-00-00_to_18-00-00.mp4,632871279,yes
109_visual,109_visual_2026-07-04_18-00-00_to_19-00-00.mp4,671492238,yes
109_visual,109_visual_2026-07-04_19-00-00_to_20-00-00.mp4,673272177,yes
109_visual,109_visual_2026-07-04_20-00-00_to_21-00-00.mp4,652934432,yes
109_visual,109_visual_2026-07-04_21-00-00_to_22-00-00.mp4,527125749,yes
109_visual,109_visual_2026-07-04_22-00-00_to_23-00-00.mp4,554953439,yes
109_visual,109_visual_2026-07-04_23-00-00_to_00-00-01.mp4,576993600,yes
109_visual,109_visual_2026-07-05_00-00-01_to_01-00-01.mp4,573696481,yes
109_visual,109_visual_2026-07-05_01-00-01_to_02-00-01.mp4,590005724,yes
109_visual,109_visual_2026-07-05_02-00-01_to_03-00-01.mp4,589784522,yes
109_visual,109_visual_2026-07-05_03-00-01_to_04-00-01.mp4,589148690,yes
109_visual,109_visual_2026-07-05_04-00-01_to_05-00-01.mp4,591413368,yes
109_visual,109_visual_2026-07-05_05-00-01_to_06-00-01.mp4,655141219,yes
109_visual,109_visual_2026-07-05_06-00-01_to_07-00-01.mp4,680058956,yes
109_visual,109_visual_2026-07-05_07-00-01_to_08-00-01.mp4,675257433,yes
109_visual,109_visual_2026-07-05_08-00-01_to_09-00-01.mp4,649889588,yes
109_visual,109_visual_2026-07-05_09-00-01_to_10-00-01.mp4,656073041,yes
109_visual,109_visual_2026-07-05_10-00-01_to_11-00-01.mp4,653421469,yes
109_visual,109_visual_2026-07-05_11-00-01_to_12-00-01.mp4,646111299,yes
109_visual,109_visual_2026-07-05_12-00-01_to_13-00-01.mp4,645765012,yes
109_visual,109_visual_2026-07-05_13-00-01_to_14-00-00.mp4,652580238,yes
109_visual,109_visual_2026-07-05_14-00-00_to_15-00-00.mp4,649323764,yes
109_visual,109_visual_2026-07-05_15-00-00_to_16-00-00.mp4,668842187,yes
109_visual,109_visual_2026-07-05_16-00-00_to_17-00-00.mp4,658146942,yes
109_visual,109_visual_2026-07-05_17-00-00_to_18-00-00.mp4,690502192,yes
109_visual,109_visual_2026-07-05_18-00-00_to_19-00-00.mp4,686387595,yes
109_visual,109_visual_2026-07-05_19-00-00_to_20-00-00.mp4,690849524,yes
109_visual,109_visual_2026-07-05_20-00-00_to_21-00-00.mp4,635796507,yes
109_visual,109_visual_2026-07-05_21-00-00_to_22-00-00.mp4,524185169,yes
109_visual,109_visual_2026-07-05_22-00-00_to_23-00-00.mp4,539224499,yes
109_visual,109_visual_2026-07-05_23-00-00_to_00-00-00.mp4,577735542,yes
109_visual,109_visual_2026-07-06_00-00-00_to_01-00-00.mp4,576997396,yes
109_visual,109_visual_2026-07-06_01-00-00_to_02-00-00.mp4,573750976,yes
109_visual,109_visual_2026-07-06_02-00-00_to_03-00-00.mp4,572148232,yes
109_visual,109_visual_2026-07-06_03-00-00_to_04-00-01.mp4,579796539,yes
109_visual,109_visual_2026-07-06_04-00-01_to_05-00-01.mp4,580959718,yes
109_visual,109_visual_2026-07-06_05-00-01_to_06-00-01.mp4,627695078,yes
109_visual,109_visual_2026-07-06_06-00-01_to_07-00-01.mp4,684781820,yes
109_visual,109_visual_2026-07-06_07-00-01_to_08-00-01.mp4,704877102,yes
109_visual,109_visual_2026-07-06_08-00-01_to_09-00-01.mp4,718671845,yes
109_visual,109_visual_2026-07-06_09-00-01_to_10-00-01.mp4,701705652,yes
109_visual,109_visual_2026-07-06_10-00-01_to_11-00-01.mp4,686178199,yes
109_visual,109_visual_2026-07-06_11-00-01_to_12-00-01.mp4,645198613,yes
109_visual,109_visual_2026-07-06_12-00-01_to_13-00-01.mp4,643674149,yes
109_visual,109_visual_2026-07-06_13-00-01_to_14-00-01.mp4,645129585,yes
109_visual,109_visual_2026-07-06_14-00-01_to_15-00-01.mp4,707686678,yes
109_visual,109_visual_2026-07-06_15-00-01_to_16-00-01.mp4,709769455,yes
109_visual,109_visual_2026-07-06_16-00-01_to_17-00-01.mp4,707885154,yes
109_visual,109_visual_2026-07-06_17-00-01_to_18-00-01.mp4,701295646,yes
109_visual,109_visual_2026-07-06_18-00-01_to_19-00-00.mp4,696774726,yes
109_visual,109_visual_2026-07-06_19-00-00_to_20-00-00.mp4,676554491,yes
109_visual,109_visual_2026-07-06_20-00-00_to_21-00-00.mp4,629436712,yes
109_visual,109_visual_2026-07-06_21-00-00_to_22-00-00.mp4,535610135,yes
109_visual,109_visual_2026-07-06_22-00-00_to_23-00-00.mp4,526338769,yes
109_visual,109_visual_2026-07-06_23-00-00_to_00-00-00.mp4,573049576,yes
109_visual,109_visual_2026-07-07_00-00-00_to_01-00-00.mp4,580009195,yes
109_visual,109_visual_2026-07-07_01-00-00_to_02-00-00.mp4,579200070,yes
109_visual,109_visual_2026-07-07_02-00-00_to_03-00-00.mp4,578869364,yes
109_visual,109_visual_2026-07-07_03-00-00_to_03-04-27.mp4,786460,yes
109_visual,109_visual_2026-07-07_03-04-27_to_04-00-01.mp4,517589539,yes
109_visual,109_visual_2026-07-07_04-00-01_to_05-00-01.mp4,557054596,yes
109_visual,109_visual_2026-07-07_05-00-01_to_06-00-01.mp4,611909847,yes
109_visual,109_visual_2026-07-07_06-00-01_to_07-00-01.mp4,701139461,yes
109_visual,109_visual_2026-07-07_07-00-01_to_08-00-01.mp4,712344444,yes
109_visual,109_visual_2026-07-07_08-00-01_to_09-00-01.mp4,712839954,yes
109_visual,109_visual_2026-07-07_09-00-01_to_10-00-01.mp4,714932111,yes
109_visual,109_visual_2026-07-07_10-00-01_to_11-00-00.mp4,722951883,yes
109_visual,109_visual_2026-07-07_11-00-00_to_12-00-00.mp4,674287211,yes
109_visual,109_visual_2026-07-07_12-00-00_to_13-00-00.mp4,672729608,yes
109_visual,109_visual_2026-07-07_13-00-00_to_14-00-00.mp4,659499132,yes
109_visual,109_visual_2026-07-07_14-00-00_to_15-00-00.mp4,652728169,yes
109_visual,109_visual_2026-07-07_15-00-00_to_16-00-00.mp4,676657730,yes
109_visual,109_visual_2026-07-07_16-00-00_to_17-00-00.mp4,714684859,yes
109_visual,109_visual_2026-07-07_17-00-00_to_18-00-00.mp4,698693724,yes
109_visual,109_visual_2026-07-07_18-00-00_to_19-00-00.mp4,668263413,yes
109_visual,109_visual_2026-07-07_19-00-00_to_20-00-00.mp4,681197511,yes
109_visual,109_visual_2026-07-07_20-00-00_to_21-00-00.mp4,644978353,yes
109_visual,109_visual_2026-07-07_21-00-00_to_22-00-00.mp4,568761541,yes
109_visual,109_visual_2026-07-07_22-00-00_to_23-00-00.mp4,573526631,yes
109_visual,109_visual_2026-07-07_23-00-00_to_00-00-00.mp4,594276030,yes
109_visual,109_visual_2026-07-08_00-00-00_to_01-00-00.mp4,584793568,yes
109_visual,109_visual_2026-07-08_01-00-00_to_02-00-01.mp4,549263764,yes
109_visual,109_visual_2026-07-08_02-00-01_to_03-00-01.mp4,548598961,yes
109_visual,109_visual_2026-07-08_03-00-01_to_04-00-01.mp4,548693261,yes
109_visual,109_visual_2026-07-08_04-00-01_to_05-00-01.mp4,549484906,yes
109_visual,109_visual_2026-07-08_05-00-01_to_06-00-01.mp4,595439794,yes
109_visual,109_visual_2026-07-08_06-00-01_to_07-00-01.mp4,640930998,yes
109_visual,109_visual_2026-07-08_07-00-01_to_08-00-01.mp4,694641863,yes
109_visual,109_visual_2026-07-08_08-00-01_to_09-00-01.mp4,664717352,yes
109_visual,109_visual_2026-07-08_09-00-01_to_10-00-01.mp4,646729918,yes
109_visual,109_visual_2026-07-08_10-00-01_to_11-00-01.mp4,667486086,yes
109_visual,109_visual_2026-07-08_11-00-01_to_12-00-01.mp4,672599565,yes
109_visual,109_visual_2026-07-08_12-00-01_to_13-00-01.mp4,666804956,yes
109_visual,109_visual_2026-07-08_13-00-01_to_14-00-01.mp4,664649601,yes
109_visual,109_visual_2026-07-08_14-00-01_to_15-00-01.mp4,661224881,yes
109_visual,109_visual_2026-07-08_15-00-01_to_16-00-01.mp4,665875217,yes
109_visual,109_visual_2026-07-08_16-00-01_to_17-00-01.mp4,655852199,yes
109_visual,109_visual_2026-07-08_17-00-01_to_18-00-01.mp4,640376790,yes
109_visual,109_visual_2026-07-08_18-00-01_to_19-00-01.mp4,643645385,yes
109_visual,109_visual_2026-07-08_19-00-01_to_20-00-01.mp4,655558351,yes
109_visual,109_visual_2026-07-08_20-00-01_to_21-00-01.mp4,627140783,yes
109_visual,109_visual_2026-07-08_21-00-01_to_22-00-01.mp4,499778347,yes
109_visual,109_visual_2026-07-08_22-00-01_to_23-00-01.mp4,554954037,yes
109_visual,109_visual_2026-07-08_23-00-01_to_00-00-01.mp4,555473521,yes
109_visual,109_visual_2026-07-09_00-00-01_to_01-00-01.mp4,555500699,yes
109_visual,109_visual_2026-07-09_01-00-01_to_02-00-00.mp4,554787689,yes
109_visual,109_visual_2026-07-09_02-00-00_to_03-00-00.mp4,554124609,yes
109_visual,109_visual_2026-07-09_03-00-00_to_04-00-00.mp4,553492494,yes
109_visual,109_visual_2026-07-09_04-00-00_to_05-00-00.mp4,553628297,yes
109_visual,109_visual_2026-07-09_05-00-00_to_06-00-00.mp4,596026649,yes
109_visual,109_visual_2026-07-09_06-00-00_to_07-00-00.mp4,650932740,yes
109_visual,109_visual_2026-07-09_07-00-00_to_08-00-00.mp4,659386071,yes
109_visual,109_visual_2026-07-09_08-00-00_to_09-00-00.mp4,665182981,yes
109_visual,109_visual_2026-07-09_09-00-00_to_10-00-00.mp4,653864929,yes
109_visual,109_visual_2026-07-09_10-00-00_to_11-00-00.mp4,669417809,yes
109_visual,109_visual_2026-07-09_11-00-00_to_12-00-00.mp4,673225867,yes
109_visual,109_visual_2026-07-09_12-00-00_to_13-00-00.mp4,674938722,yes
109_visual,109_visual_2026-07-09_13-00-00_to_14-00-01.mp4,671379418,yes
109_visual,109_visual_2026-07-09_14-00-01_to_15-00-01.mp4,660111681,yes
109_visual,109_visual_2026-07-09_15-00-01_to_16-00-01.mp4,652494385,yes
109_visual,109_visual_2026-07-09_16-00-01_to_17-00-01.mp4,653969561,yes
109_visual,109_visual_2026-07-09_17-00-01_to_18-00-01.mp4,639553120,yes
109_visual,109_visual_2026-07-09_18-00-01_to_19-00-01.mp4,673314008,yes
109_visual,109_visual_2026-07-09_19-00-01_to_20-00-01.mp4,656714081,yes
109_visual,109_visual_2026-07-09_20-00-01_to_21-00-00.mp4,618902250,yes
109_visual,109_visual_2026-07-09_21-00-00_to_22-00-00.mp4,526877981,yes
109_visual,109_visual_2026-07-09_22-00-00_to_23-00-00.mp4,512621514,yes
109_visual,109_visual_2026-07-09_23-00-00_to_00-00-00.mp4,499518936,yes
109_visual,109_visual_2026-07-10_00-00-00_to_01-00-00.mp4,497808226,yes
109_visual,109_visual_2026-07-10_01-00-00_to_02-00-00.mp4,500220686,yes
109_visual,109_visual_2026-07-10_02-00-00_to_03-00-00.mp4,506021160,yes
109_visual,109_visual_2026-07-10_03-00-00_to_04-00-00.mp4,506477875,yes
109_visual,109_visual_2026-07-10_04-00-00_to_05-00-00.mp4,506615647,yes
109_visual,109_visual_2026-07-10_05-00-00_to_06-00-00.mp4,584496566,yes
109_visual,109_visual_2026-07-10_06-00-00_to_07-00-00.mp4,658698330,yes
109_visual,109_visual_2026-07-10_07-00-00_to_08-00-00.mp4,667931906,yes
109_visual,109_visual_2026-07-10_08-00-00_to_09-00-00.mp4,670055857,yes
109_visual,109_visual_2026-07-10_09-00-00_to_10-00-01.mp4,673066202,yes
109_visual,109_visual_2026-07-10_10-00-01_to_11-00-01.mp4,668050340,yes
109_visual,109_visual_2026-07-10_11-00-01_to_12-00-01.mp4,668760464,yes
109_visual,109_visual_2026-07-10_12-00-01_to_13-00-01.mp4,642921894,yes
109_visual,109_visual_2026-07-10_13-00-01_to_14-00-01.mp4,656929607,yes
109_visual,109_visual_2026-07-10_14-00-01_to_15-00-01.mp4,650703858,yes
109_visual,109_visual_2026-07-10_15-00-01_to_16-00-01.mp4,650115057,yes
109_visual,109_visual_2026-07-10_16-00-01_to_17-00-01.mp4,650407999,yes
109_visual,109_visual_2026-07-10_17-00-01_to_18-00-01.mp4,645046246,yes
109_visual,109_visual_2026-07-10_18-00-01_to_19-00-01.mp4,639153097,yes
109_visual,109_visual_2026-07-10_19-00-01_to_20-00-01.mp4,639384285,yes
109_visual,109_visual_2026-07-10_20-00-01_to_21-00-01.mp4,611326263,yes
109_visual,109_visual_2026-07-10_21-00-01_to_22-00-01.mp4,524540268,yes
109_visual,109_visual_2026-07-10_22-00-01_to_23-00-01.mp4,524388794,yes
109_visual,109_visual_2026-07-10_23-00-01_to_00-00-01.mp4,543450074,yes
109_visual,109_visual_2026-07-11_00-00-01_to_01-00-00.mp4,543396785,yes
109_visual,109_visual_2026-07-11_01-00-00_to_02-00-00.mp4,543404310,yes
109_visual,109_visual_2026-07-11_02-00-00_to_03-00-00.mp4,543038614,yes
109_visual,109_visual_2026-07-11_03-00-00_to_04-00-00.mp4,543130726,yes
109_visual,109_visual_2026-07-11_04-00-00_to_05-00-00.mp4,543658105,yes
109_visual,109_visual_2026-07-11_05-00-00_to_06-00-00.mp4,588303402,yes
109_visual,109_visual_2026-07-11_06-00-00_to_07-00-00.mp4,649198669,yes
109_visual,109_visual_2026-07-11_07-00-00_to_08-00-00.mp4,669966875,yes
109_visual,109_visual_2026-07-11_08-00-00_to_09-00-00.mp4,672060865,yes
109_visual,109_visual_2026-07-11_09-00-00_to_10-00-00.mp4,652573726,yes
109_visual,109_visual_2026-07-11_10-00-00_to_11-00-00.mp4,669754969,yes
109_visual,109_visual_2026-07-11_11-00-00_to_12-00-00.mp4,668120515,yes
109_visual,109_visual_2026-07-11_12-00-00_to_13-00-00.mp4,655108817,yes
109_visual,109_visual_2026-07-11_13-00-00_to_14-00-00.mp4,655248439,yes
109_visual,109_visual_2026-07-11_14-00-00_to_15-00-01.mp4,649290795,yes
109_visual,109_visual_2026-07-11_15-00-01_to_16-00-01.mp4,644133498,yes
109_visual,109_visual_2026-07-11_16-00-01_to_17-00-01.mp4,645485270,yes
109_visual,109_visual_2026-07-11_17-00-01_to_18-00-01.mp4,636190196,yes
109_visual,109_visual_2026-07-11_18-00-01_to_19-00-00.mp4,647998630,yes
109_visual,109_visual_2026-07-11_19-00-00_to_20-00-00.mp4,645909708,yes
109_visual,109_visual_2026-07-11_20-00-00_to_21-00-01.mp4,614779531,yes
109_visual,109_visual_2026-07-11_21-00-01_to_22-00-01.mp4,539778949,yes
109_visual,109_visual_2026-07-11_22-00-01_to_23-00-01.mp4,545269881,yes
109_visual,109_visual_2026-07-11_23-00-01_to_00-00-01.mp4,535002037,yes
109_visual,109_visual_2026-07-12_00-00-01_to_01-00-01.mp4,527451313,yes
109_visual,109_visual_2026-07-12_01-00-01_to_02-00-01.mp4,527192889,yes
109_visual,109_visual_2026-07-12_02-00-01_to_03-00-01.mp4,526933806,yes
109_visual,109_visual_2026-07-12_03-00-01_to_04-00-01.mp4,544317846,yes
109_visual,109_visual_2026-07-12_04-00-01_to_05-00-01.mp4,545150009,yes
109_visual,109_visual_2026-07-12_05-00-01_to_06-00-01.mp4,579047791,yes
109_visual,109_visual_2026-07-12_06-00-01_to_07-00-01.mp4,635076076,yes
109_visual,109_visual_2026-07-12_07-00-01_to_08-00-01.mp4,681365060,yes
109_visual,109_visual_2026-07-12_08-00-01_to_09-00-01.mp4,690830131,yes
109_visual,109_visual_2026-07-12_09-00-01_to_10-00-00.mp4,660811061,yes
109_visual,109_visual_2026-07-12_10-00-00_to_11-00-00.mp4,668139700,yes
109_visual,109_visual_2026-07-12_11-00-00_to_12-00-00.mp4,676682295,yes
109_visual,109_visual_2026-07-12_12-00-00_to_13-00-00.mp4,675080542,yes
109_visual,109_visual_2026-07-12_13-00-00_to_14-00-00.mp4,668221277,yes
109_visual,109_visual_2026-07-12_14-00-00_to_15-00-00.mp4,662510066,yes
109_visual,109_visual_2026-07-12_15-00-00.mp4,447217692,NO
